Customer ID,Name,Age,Gender,Annual Income,Total Spending,Purchase Frequency,Last Purchase Date,Average Order Value,Discount Usage,Preferred Category,Customer Satisfaction
CUST00001,Diya Tiwari,36,Male,41680.18,7366.2,6,2026-07-31,1839.23,24.5,Fashion,7.0
CUST00002,Sakshi Shukla,18,Male,20410.14,15278.79,8,2026-08-01,1638.61,37.44,Electronics,6.0
CUST00003,Aditya Yadav,26,Female,38899.54,5512.45,6,2026-07-07,1366.67,56.84,Fashion,5.0
CUST00004,Sameer Shukla,33,Male,61840.26,7914.74,3,2026-05-22,2529.79,5.43,Beauty,6.0
CUST00005,Diya Sharma,19,Male,29843.85,16721.32,7,2026-06-12,2476.82,52.75,Fashion,6.0
CUST00006,Ananya Yadav,29,Female,51486.17,20953.62,8,2026-07-03,2948.97,54.46,Home & Kitchen,8.0
CUST00007,Akash Srivastava,31,Male,89687.77,5075.06,4,2026-07-09,1774.69,55.85,Home & Kitchen,6.0
CUST00008,Shreya Mehta,35,Female,86254.05,22605.23,8,2026-04-30,2325.66,62.44,Sports,7.0
CUST00009,Krishna Singh,25,Male,38274.99,8404.81,5,2026-08-04,1262.76,26.59,Sports,7.0
CUST00010,Riya Srivastava,30,Female,48860.4,9589.69,8,2026-08-07,974.1,36.2,Sports,10.0
CUST00011,Aditi Tiwari,36,Male,39475.56,31979.04,9,2026-07-06,3108.14,62.85,Home & Kitchen,5.0
CUST00012,Varun Gupta,26,Male,46390.18,12091.63,5,2026-04-07,1936.64,16.61,Beauty,9.0
CUST00013,Tanvi Srivastava,28,Female,29777.83,10114.76,9,2026-07-21,1161.75,58.81,Fashion,7.0
CUST00014,Sakshi Pandey,34,Female,49648.42,11331.04,5,2026-08-08,2521.68,40.86,Books,6.0
CUST00015,Ankit Shukla,33,Male,25652.99,13807.1,11,2026-07-28,1166.11,19.56,Books,7.0
CUST00016,Krishna Pandey,35,Male,50237.19,15196.12,7,2026-04-05,2840.04,13.58,Books,8.0
CUST00017,Tanvi Verma,30,Male,61892.44,33290.96,12,2026-05-07,2456.76,12.14,Fashion,8.0
CUST00018,Krishna Pandey,41,Male,28809.09,50737.12,14,2026-07-12,2986.39,,Electronics,7.0
CUST00019,Rahul Agarwal,18,Male,52093.06,12183.98,4,2026-06-04,2362.71,13.45,Fashion,8.0
CUST00020,Yash Mehta,20,Female,129970.94,35855.4,9,2026-08-01,4297.93,19.56,Fashion,9.0
CUST00021,Shreya Shukla,27,Female,33057.44,17732.86,12,2026-08-05,1976.27,72.44,Sports,2.0
CUST00022,Manish Jaiswal,22,Female,39590.49,14618.74,9,2026-08-08,1384.85,38.98,Home & Kitchen,6.0
CUST00023,Ananya Rai,37,Male,46945.5,33057.45,10,2026-08-06,2452.1,22.55,Beauty,8.0
CUST00024,Varun Gupta,27,Male,33523.21,29186.24,13,2026-06-07,1904.16,66.06,Fashion,6.0
CUST00025,Manish Singh,43,Male,44777.08,14805.65,5,2026-03-27,2458.48,32.4,Beauty,9.0
CUST00026,Meera Rai,41,Female,19802.82,12755.75,7,2026-05-03,1707.63,0.0,Home & Kitchen,9.0
CUST00027,Akash Shukla,24,Male,38383.25,17212.25,6,2026-08-06,2547.25,52.45,Home & Kitchen,5.0
CUST00028,Manish Mishra,19,Female,32102.85,8659.67,6,2026-08-04,1982.29,21.35,Beauty,7.0
CUST00029,Vikas Pandey,34,Male,30569.13,22674.17,8,2025-12-29,2150.97,54.67,Sports,7.0
CUST00030,Akash Sinha,25,Male,44847.79,25860.11,10,2026-07-31,2572.18,5.94,Books,8.0
CUST00031,Sneha Mishra,18,Male,35010.74,23912.14,12,2026-07-16,2632.38,64.53,Sports,8.0
CUST00032,Neha Sharma,27,Male,20518.65,46275.49,15,2026-03-24,2885.2,13.65,Electronics,7.0
CUST00033,Tanvi Sinha,19,Female,56442.14,42263.42,12,2026-06-16,2783.92,62.37,Fashion,6.0
CUST00034,Rahul Singh,28,Male,20355.51,28903.94,12,2026-07-10,2942.38,42.68,Electronics,7.0
CUST00035,Sneha Shukla,42,Female,23189.66,4821.65,3,2026-07-21,1316.08,44.75,Fashion,7.0
CUST00036,Pooja Mishra,40,Male,28464.79,10728.14,4,2026-07-20,2412.28,6.32,Home & Kitchen,7.0
CUST00037,Yash Shukla,49,Female,45065.33,22292.95,6,2026-06-08,2804.03,22.59,Books,
CUST00038,Krishna Srivastava,26,Male,39191.95,6394.96,8,2026-07-14,695.67,15.55,Beauty,7.0
CUST00039,Ayush Singh,18,Female,48608.74,5241.34,4,2026-05-02,1783.49,27.98,Home & Kitchen,9.0
CUST00040,Ayush Tiwari,39,Male,44197.01,20411.91,6,2026-07-02,3203.93,62.91,Electronics,5.0
CUST00041,Aditi Tiwari,19,Male,57144.37,8398.08,4,2026-04-29,1832.86,24.1,Electronics,7.0
CUST00042,Aditya Rai,24,Male,50096.46,28393.45,10,2026-07-31,2268.31,53.66,Fashion,6.0
CUST00043,Arjun Shukla,25,Female,19688.76,25539.42,6,2026-08-07,3806.34,2.78,Fashion,6.0
CUST00044,Neha Chauhan,28,Female,69761.1,22629.94,13,2026-07-02,2122.63,36.73,Fashion,7.0
CUST00045,Manish Srivastava,30,Male,46685.0,13594.98,9,2026-07-19,2104.27,61.02,Beauty,4.0
CUST00046,Shreya Verma,28,Female,44725.02,32599.05,10,2026-07-06,3336.93,45.19,Books,8.0
CUST00047,Shreya Agarwal,33,Male,49597.68,9077.27,4,2026-05-07,3277.33,43.04,Electronics,8.0
CUST00048,Pooja Mehta,27,Male,39283.36,10985.24,9,2026-07-13,1556.64,0.0,Fashion,9.0
CUST00049,Meera Tiwari,33,Female,145744.04,16712.75,9,2026-06-10,2385.5,72.74,Electronics,5.0
CUST00050,Varun Shukla,30,Female,45482.2,18027.88,5,2026-07-06,2966.05,14.76,Electronics,5.0
CUST00051,Pooja Sharma,29,Male,58845.05,4218.89,6,2026-04-21,635.47,,Electronics,8.0
CUST00052,Neha Malhotra,18,Male,28064.58,12964.23,7,2026-04-29,2416.48,19.35,Fashion,8.0
CUST00053,Ankit Jaiswal,26,Female,34679.83,2715.11,5,2026-07-17,423.67,56.83,Electronics,5.0
CUST00054,Suraj Mehta,33,Female,50535.38,10728.24,6,2026-08-08,2139.72,53.71,Home & Kitchen,8.0
CUST00055,Shreya Shukla,25,Female,31960.57,6030.36,4,2026-08-05,1325.22,49.26,Books,8.0
CUST00056,Isha Yadav,23,Female,49295.76,9317.37,5,2026-05-01,2457.25,1.6,Electronics,9.0
CUST00057,Aditi Verma,27,Male,71115.04,29507.07,8,2026-05-29,3142.84,34.38,Sports,6.0
CUST00058,Varun Rai,31,Female,50945.45,9601.92,8,2026-07-04,1197.85,2.41,Fashion,8.0
CUST00059,Aditya Mishra,41,Male,54867.08,8998.65,2,2026-06-21,3402.02,66.41,Electronics,4.0
CUST00060,Ayush Jaiswal,20,Male,33484.29,14494.29,6,2026-07-25,2151.8,61.83,Electronics,6.0
CUST00061,Aditi Singh,23,Male,145012.02,36299.59,7,2026-07-22,4914.18,33.08,Beauty,6.0
CUST00062,Arjun Agarwal,34,Female,48094.85,26911.38,10,2026-07-31,2063.29,33.51,Fashion,8.0
CUST00063,Sakshi Sinha,41,Female,46808.62,23615.12,10,2026-08-01,2547.34,39.15,Beauty,8.0
CUST00064,Yash Singh,33,Female,54229.91,28654.6,10,2026-07-22,2203.67,39.44,Electronics,6.0
CUST00065,Rahul Gupta,29,Female,47133.68,20175.93,8,2026-04-06,2324.82,56.31,Electronics,8.0
CUST00066,Ananya Srivastava,25,Male,35262.1,5398.35,10,2026-08-08,537.62,14.92,Electronics,6.0
CUST00067,Ankit Mehta,18,Male,25762.41,19680.13,10,2026-06-28,2165.82,44.85,Sports,5.0
CUST00068,Suraj Rai,32,Female,35140.51,17098.66,9,2026-08-02,1762.1,50.92,Electronics,8.0
CUST00069,Akash Kumar,27,Female,58972.08,23477.51,7,2026-06-23,2575.53,41.69,Home & Kitchen,6.0
CUST00070,Shreya Shukla,32,Male,20194.26,9047.08,6,2026-07-11,1184.67,34.67,Fashion,8.0
CUST00071,Arjun Agarwal,42,Female,51761.96,26394.29,15,2026-06-09,2076.91,18.33,Fashion,7.0
CUST00072,Diya Verma,28,Female,44933.33,15459.97,5,2026-06-02,3080.33,47.91,Electronics,10.0
CUST00073,Aditi Sharma,34,Female,37026.13,21422.61,9,2026-07-01,1934.34,38.49,,8.0
CUST00074,Diya Mishra,18,Male,34492.09,7858.53,3,2026-06-19,2390.11,66.31,Books,7.0
CUST00075,Manish Shukla,18,Female,36941.03,21024.3,7,2026-07-26,2898.61,61.21,Electronics,8.0
CUST00076,Vikas Kumar,31,Male,101822.53,10440.77,7,2026-05-12,2122.67,9.97,Sports,9.0
CUST00077,Rahul Shukla,36,Male,43782.25,23356.91,8,2026-05-30,2365.56,49.18,Fashion,5.0
CUST00078,Isha Srivastava,31,Female,52509.01,9483.69,7,2026-08-06,1832.78,29.46,Electronics,7.0
CUST00079,Ayush Gupta,27,Female,18000.0,11034.11,7,2026-06-27,1977.66,11.83,,8.0
CUST00080,Shreya Kumar,48,Female,29901.28,11311.29,4,2026-05-29,2123.49,70.95,Fashion,7.0
CUST00081,Suraj Mishra,27,Male,36306.7,22272.52,5,2026-05-09,3340.85,42.16,Beauty,8.0
CUST00082,Yash Agarwal,37,Male,71132.44,13422.77,8,2026-05-31,2163.42,14.37,Beauty,6.0
CUST00083,Suraj Gupta,31,Male,116310.85,21054.9,9,2026-05-10,2795.81,1.63,Beauty,8.0
CUST00084,Ayush Yadav,39,Male,19169.02,19343.39,11,2026-07-30,1405.65,51.01,Beauty,7.0
CUST00085,Suraj Tiwari,45,Female,82540.23,23152.86,9,2026-07-14,2978.74,27.59,Fashion,4.0
CUST00086,Krishna Agarwal,34,Male,26370.32,22730.64,9,2026-05-22,2271.2,0.0,Home & Kitchen,7.0
CUST00087,Diya Srivastava,18,Male,36583.34,12981.43,5,2026-05-18,1956.77,76.53,Books,7.0
CUST00088,Tanvi Shukla,43,Female,38696.76,13698.13,5,2026-04-09,2433.79,32.38,Home & Kitchen,5.0
CUST00089,Diya Mishra,32,Male,18048.35,6053.62,4,2026-05-10,2071.06,44.05,Sports,8.0
CUST00090,Riya Chauhan,18,Female,113523.89,7700.43,4,2026-07-14,2844.51,40.53,Home & Kitchen,6.0
CUST00091,Nikhil Gupta,30,Female,48915.26,18126.37,12,2026-06-23,1580.92,67.62,Beauty,7.0
CUST00092,Sameer Chauhan,25,Male,43093.94,28348.62,14,2026-06-17,2444.63,9.44,Electronics,5.0
CUST00093,Aditya Agarwal,23,Male,18000.0,16585.16,7,2026-07-08,2618.15,28.5,Sports,6.0
CUST00094,Akash Sinha,31,Female,26356.37,10703.81,9,2026-04-14,1067.25,,Sports,7.0
CUST00095,Karan Jaiswal,25,Female,39092.9,15602.93,9,2026-08-01,1552.31,30.51,Books,6.0
CUST00096,Arjun Chauhan,36,Female,101822.05,21528.82,7,2026-06-29,2962.7,44.44,Books,7.0
CUST00097,Vikas Mishra,32,Female,45173.52,20841.43,9,2026-06-21,2060.02,59.95,Sports,7.0
CUST00098,Tanvi Sharma,24,Female,120597.4,10283.27,5,2026-07-05,2201.39,59.49,Home & Kitchen,9.0
CUST00099,Suraj Agarwal,26,Female,23946.77,17825.45,10,2026-07-02,2236.21,24.32,Beauty,6.0
CUST00100,Arjun Rai,30,Female,34140.63,5687.26,4,2026-07-06,1481.81,22.56,Beauty,8.0
CUST00101,Isha Rai,34,Male,64543.07,28085.53,9,2026-08-01,2808.34,36.52,Books,6.0
CUST00102,Sneha Tiwari,37,Female,29385.85,19963.84,13,2026-06-07,2146.69,20.02,Books,7.0
CUST00103,Arjun Kumar,33,Female,41414.59,10998.7,6,2026-07-24,2270.82,49.16,Electronics,5.0
CUST00104,Neha Singh,18,Male,52831.37,45408.6,14,2026-06-17,3948.76,11.24,Beauty,6.0
CUST00105,Rahul Yadav,32,Female,44174.21,25788.48,11,2026-08-08,1845.56,31.26,Books,8.0
CUST00106,Ayush Kumar,32,Female,19710.68,10994.57,7,2025-12-15,1576.86,21.23,Books,7.0
CUST00107,Varun Gupta,33,Male,38113.02,12294.9,5,2026-07-08,1928.82,38.41,Beauty,5.0
CUST00108,Sameer Rai,40,Male,55536.02,26739.92,9,2026-07-11,3843.0,34.4,Beauty,7.0
CUST00109,Yash Gupta,27,Male,52908.1,7002.14,4,2026-07-05,1682.91,34.38,Beauty,8.0
CUST00110,Sakshi Rai,30,Male,43814.19,21733.33,11,2026-07-27,1631.52,22.89,Sports,9.0
CUST00111,Vikas Mehta,31,Female,67144.84,27488.67,9,2026-08-06,2322.61,36.8,Sports,6.0
CUST00112,Pooja Mehta,33,Female,24192.38,12157.09,7,2026-06-26,1410.37,54.92,Fashion,6.0
CUST00113,Sneha Tiwari,20,Female,35379.64,16914.22,8,2026-07-01,2190.85,40.37,Books,8.0
CUST00114,Nikhil Malhotra,37,Female,30206.69,24931.12,9,2026-06-24,2335.55,39.21,Books,7.0
CUST00115,Aditya Sinha,39,Male,34119.19,24523.63,14,2026-06-12,2079.85,33.28,Fashion,6.0
CUST00116,Vikas Shukla,37,Female,77437.57,27489.58,12,2026-01-05,2588.2,51.57,Electronics,6.0
CUST00117,Krishna Kumar,30,Male,30250.43,10828.15,9,2026-03-20,1592.32,47.97,Books,5.0
CUST00118,Manish Agarwal,22,Male,36156.6,11316.31,10,2026-05-30,1628.34,4.49,Sports,9.0
CUST00119,Arjun Chauhan,33,Female,30452.0,17785.18,9,2026-08-06,2099.94,61.25,Beauty,6.0
CUST00120,Sneha Jaiswal,27,Male,60680.3,22702.9,6,2026-06-11,3027.75,44.6,Beauty,5.0
CUST00121,Isha Jaiswal,22,Male,102164.72,34344.74,9,2026-07-25,2913.22,0.0,Beauty,8.0
CUST00122,Diya Chauhan,30,Male,37572.45,16917.61,7,2026-08-02,2436.88,53.0,Beauty,8.0
CUST00123,Sakshi Jaiswal,23,Male,50807.86,14047.91,6,2026-07-28,2538.84,30.58,Books,8.0
CUST00124,Yash Kumar,24,Male,86830.21,9258.19,3,2026-07-21,2492.07,0.0,Sports,8.0
CUST00125,Rahul Sharma,34,Male,46133.7,16128.75,9,2026-03-02,1394.78,83.3,Electronics,4.0
CUST00126,Meera Mishra,42,Female,31870.43,10674.48,9,2026-08-01,1592.04,13.56,Electronics,3.0
CUST00127,Arjun Mehta,27,Female,109590.3,15938.22,7,2026-07-27,2487.39,47.05,Home & Kitchen,6.0
CUST00128,Krishna Pandey,23,Female,46873.21,31461.92,8,2026-04-24,3324.77,33.78,Beauty,6.0
CUST00129,Neha Sharma,30,Female,186632.81,54792.0,10,2026-07-18,4438.62,45.73,Books,7.0
CUST00130,Kavya Tiwari,39,Male,55167.53,19455.7,8,2026-08-02,1801.54,40.96,Books,8.0
CUST00131,Rohan Verma,50,Male,27435.97,37471.1,11,2026-06-13,2846.16,86.79,Electronics,6.0
CUST00132,Aarav Kumar,37,Male,50108.13,19729.42,10,2026-08-05,2498.81,51.81,Fashion,7.0
CUST00133,Akash Yadav,26,Male,36871.02,21985.95,12,2026-08-01,1866.71,39.02,Beauty,6.0
CUST00134,Ankit Gupta,36,Female,35272.61,18928.4,6,2026-05-09,2658.12,45.28,Fashion,7.0
CUST00135,Aarav Sinha,38,Female,59895.54,14883.4,10,2026-06-10,2050.99,33.19,Sports,7.0
CUST00136,Sameer Yadav,35,Female,36466.52,24606.6,10,2026-08-05,2652.55,42.35,Electronics,9.0
CUST00137,Sneha Sinha,18,Male,38819.56,15294.38,10,2026-05-30,2120.3,31.62,Books,7.0
CUST00138,Rahul Verma,27,Male,31881.95,25864.77,10,2026-06-04,2142.26,21.92,Home & Kitchen,5.0
CUST00139,Aditya Rai,39,Female,49192.89,25721.95,9,2026-06-29,2567.68,37.87,Books,7.0
CUST00140,Manish Malhotra,47,Female,33516.99,5960.44,4,2026-07-31,2261.66,30.6,Electronics,4.0
CUST00141,Rohan Mehta,18,Female,62443.98,8821.88,3,2026-05-28,2223.45,19.96,Books,8.0
CUST00142,Shreya Rai,56,Male,52565.11,14760.23,7,2026-07-18,2208.33,27.02,Books,6.0
CUST00143,Yash Shukla,18,Female,21744.99,12891.74,7,2026-07-27,1703.46,37.94,Beauty,7.0
CUST00144,Shreya Pandey,26,Female,32249.9,13437.36,6,2026-04-04,2345.33,30.5,Home & Kitchen,6.0
CUST00145,Aditya Pandey,43,Male,74659.52,17765.0,8,2026-08-08,1803.17,37.17,Beauty,5.0
CUST00146,Rahul Jaiswal,26,Male,148026.92,24390.75,7,2026-07-26,2964.6,71.8,Home & Kitchen,6.0
CUST00147,Karan Mishra,41,Male,32801.22,18247.88,13,2026-05-02,1409.3,30.7,Beauty,6.0
CUST00148,Diya Agarwal,28,Male,45356.57,13512.34,7,2026-08-03,2148.69,72.83,Home & Kitchen,6.0
CUST00149,Nikhil Yadav,27,Female,44068.32,6346.08,4,2026-08-08,1526.89,27.76,Electronics,7.0
CUST00150,Neha Shukla,46,Male,57091.68,27659.57,11,2026-07-04,2178.85,11.12,Fashion,7.0
CUST00151,Neha Mehta,46,Female,49647.51,8136.66,5,2026-03-10,1476.53,17.7,Electronics,4.0
CUST00152,Krishna Tiwari,38,Male,27371.72,20989.57,11,2026-07-29,2229.23,87.89,Home & Kitchen,5.0
CUST00153,Nikhil Srivastava,34,Female,98331.78,23773.96,8,2026-07-11,3028.43,34.41,Beauty,7.0
CUST00154,Meera Pandey,41,Female,23118.18,17283.8,13,2026-05-01,1483.4,58.32,Home & Kitchen,6.0
CUST00155,Shreya Yadav,37,Female,18000.0,7658.54,7,2026-05-28,1348.42,7.41,Home & Kitchen,6.0
CUST00156,Sneha Mishra,25,Male,34855.77,25322.53,8,2026-08-05,2705.36,42.03,Fashion,8.0
CUST00157,Diya Rai,24,Male,43878.84,7057.74,6,2026-08-06,1007.94,39.27,Sports,9.0
CUST00158,Tanvi Yadav,32,Female,40919.23,21167.65,7,2026-07-11,2262.83,29.43,Home & Kitchen,8.0
CUST00159,Isha Sharma,37,Male,25395.66,12054.27,10,2026-06-14,1335.48,50.64,Books,7.0
CUST00160,Aditi Shukla,36,Male,71474.39,25394.96,7,2026-08-08,4308.52,18.55,Home & Kitchen,8.0
CUST00161,Sneha Malhotra,26,Male,44663.89,12206.12,4,2026-07-23,2782.95,17.66,Electronics,7.0
CUST00162,Neha Malhotra,25,Male,61568.65,24278.64,11,2026-06-21,2098.36,45.44,Beauty,6.0
CUST00163,Aditi Pandey,32,Female,48474.45,8901.05,5,2026-07-15,2285.09,47.02,Beauty,5.0
CUST00164,Krishna Malhotra,30,Male,23575.09,12298.03,9,2026-07-25,1115.03,54.42,Electronics,9.0
CUST00165,Suraj Sinha,35,Male,29557.03,14443.23,9,2026-07-26,2122.17,14.96,Electronics,5.0
CUST00166,Sneha Chauhan,21,Male,40210.52,2141.05,6,2026-06-04,486.88,11.38,Sports,8.0
CUST00167,Krishna Mehta,33,Male,89001.33,19848.71,5,2026-07-08,3327.57,20.16,Beauty,5.0
CUST00168,Manish Sinha,18,Female,47769.49,23146.83,8,2026-07-11,2310.77,20.14,Sports,6.0
CUST00169,Shreya Gupta,30,Male,93682.02,24158.27,9,2026-06-27,2492.94,28.65,Fashion,7.0
CUST00170,Aditya Mishra,44,Male,51357.61,17317.7,10,2026-08-03,2073.35,18.3,Fashion,10.0
CUST00171,Ankit Sharma,32,Male,57702.61,12034.2,8,2026-08-07,1451.45,29.67,Beauty,7.0
CUST00172,Neha Sinha,35,Female,45323.58,30758.32,11,2026-06-13,2468.93,33.3,Electronics,5.0
CUST00173,Isha Mehta,38,Male,24785.82,5259.47,5,2026-07-23,1235.09,47.09,Electronics,7.0
CUST00174,Suraj Yadav,38,Male,41389.33,8540.26,4,2025-12-28,1646.49,49.88,Beauty,7.0
CUST00175,Rohan Kumar,19,Male,21558.66,11609.81,11,2026-08-08,1023.51,35.65,Home & Kitchen,6.0
CUST00176,Ankit Sinha,38,Male,46520.69,24069.78,13,2026-07-22,2645.08,9.95,Sports,7.0
CUST00177,Meera Sinha,28,Female,54162.61,20210.84,7,2026-06-23,3015.71,49.81,Books,4.0
CUST00178,Nikhil Shukla,34,Female,35352.31,5502.86,2,2026-08-07,2100.53,48.8,Beauty,3.0
CUST00179,Aditi Chauhan,22,Female,27211.06,4044.89,2,2026-05-17,2863.4,51.41,Books,4.0
CUST00180,Aarav Singh,25,Female,75913.46,22669.58,11,2026-06-02,1921.38,18.39,Fashion,8.0
CUST00181,Sakshi Pandey,37,Male,46508.45,28847.99,6,2026-07-20,3562.27,97.2,Sports,8.0
CUST00182,Ankit Malhotra,40,Male,64038.05,39658.02,14,2026-06-01,2392.14,13.17,Sports,6.0
CUST00183,Ankit Chauhan,25,Female,84964.53,4294.78,2,2026-06-16,1663.03,27.86,Books,7.0
CUST00184,Neha Srivastava,43,Female,100574.14,30091.65,8,2026-06-20,2831.7,48.87,Beauty,6.0
CUST00185,Akash Mishra,26,Female,62783.19,6682.74,6,2026-07-24,1273.28,43.17,Home & Kitchen,8.0
CUST00186,Isha Jaiswal,18,Female,76725.3,15920.02,7,2026-06-24,2002.77,45.82,Sports,7.0
CUST00187,Karan Pandey,42,Male,85120.63,10387.6,6,2026-03-04,1787.8,36.55,Home & Kitchen,7.0
CUST00188,Krishna Rai,23,Male,66210.17,29167.84,7,2026-06-29,3135.01,39.15,Electronics,7.0
CUST00189,Arjun Rai,31,Female,48221.57,14350.5,5,2026-06-28,3055.66,55.27,Home & Kitchen,5.0
CUST00190,Sneha Verma,23,Female,70118.9,29127.21,10,2026-07-27,2677.66,35.88,Fashion,6.0
CUST00191,Yash Sinha,37,Female,43131.72,10361.87,6,2026-06-08,1669.46,32.18,Beauty,7.0
CUST00192,Rohan Tiwari,39,Female,36441.23,4939.81,6,2026-08-08,1120.14,42.18,Books,8.0
CUST00193,Aarav Shukla,24,Male,32508.49,14877.33,7,2026-04-10,2449.88,44.44,Beauty,5.0
CUST00194,Tanvi Gupta,33,Male,83923.35,19905.2,8,2026-06-01,3082.1,41.08,Beauty,8.0
CUST00195,Ananya Malhotra,51,Male,31641.62,16460.74,8,2026-07-24,1864.78,34.09,Books,6.0
CUST00196,Diya Chauhan,32,Female,63381.43,14628.71,6,2026-05-26,2423.07,50.81,Beauty,7.0
CUST00197,Pooja Kumar,25,Female,51456.43,11594.95,9,2026-07-09,1569.96,7.73,Beauty,7.0
CUST00198,Nikhil Kumar,24,Male,47994.67,54666.78,10,2026-08-04,4220.37,14.26,Electronics,8.0
CUST00199,Varun Chauhan,40,Female,67057.42,7178.64,3,2026-08-04,2009.35,9.83,Home & Kitchen,7.0
CUST00200,Isha Sinha,18,Female,23436.95,20777.76,7,2026-06-17,2424.28,61.83,Sports,4.0
CUST00201,Meera Shukla,24,Female,56420.23,26579.98,8,2026-07-30,2645.97,18.88,Beauty,8.0
CUST00202,Sneha Shukla,29,Female,45125.7,4624.22,4,2026-06-18,1309.67,75.57,Beauty,8.0
CUST00203,Varun Yadav,34,Female,97868.42,51355.29,11,2026-04-27,3583.02,25.85,Books,7.0
CUST00204,Ayush Chauhan,40,Male,55452.06,17521.49,7,2026-07-21,2383.29,13.44,Electronics,6.0
CUST00205,Sameer Jaiswal,26,Female,40821.48,14564.26,6,2026-08-08,2072.39,77.2,Beauty,7.0
CUST00206,Aditi Kumar,38,Male,31876.42,23814.53,11,2026-04-24,2172.06,40.93,Sports,7.0
CUST00207,Varun Mehta,36,Female,84861.22,24423.98,9,2026-07-16,2155.86,21.25,Electronics,7.0
CUST00208,Ananya Chauhan,40,Female,29481.25,20366.42,10,2026-06-30,3082.35,14.73,Books,8.0
CUST00209,Suraj Pandey,39,Male,25472.75,10330.66,8,2026-07-04,1838.51,44.83,Home & Kitchen,7.0
CUST00210,Varun Agarwal,29,Female,60211.24,21934.21,9,2026-05-14,2205.78,50.14,Books,8.0
CUST00211,Rohan Malhotra,31,Female,35358.52,9045.65,5,2026-08-08,1372.74,48.84,Sports,8.0
CUST00212,Ayush Sinha,43,Male,52789.3,49301.09,15,2026-06-30,3037.03,47.51,Fashion,8.0
CUST00213,Akash Gupta,31,Male,33060.97,27952.24,10,2026-08-01,2930.68,68.7,Beauty,6.0
CUST00214,Vikas Sharma,48,Male,68095.7,28508.31,9,2026-07-02,2788.86,12.94,Electronics,7.0
CUST00215,Isha Srivastava,35,Female,40456.72,8111.75,4,2026-06-28,1679.73,32.02,Home & Kitchen,5.0
CUST00216,Nikhil Chauhan,37,Female,58881.86,12627.46,9,2026-02-24,1866.01,24.67,Sports,7.0
CUST00217,Aditya Jaiswal,35,Male,50960.32,4556.91,5,2026-08-05,1185.17,30.38,Sports,7.0
CUST00218,Rahul Kumar,29,Male,43140.01,15233.32,6,2026-08-07,2543.04,62.39,Fashion,5.0
CUST00219,Meera Pandey,37,Female,34515.36,13803.65,5,2026-05-28,2517.69,0.0,Books,7.0
CUST00220,Meera Sinha,22,Male,26250.7,18574.01,7,2026-06-12,2074.23,11.28,Books,4.0
CUST00221,Kavya Sinha,48,Male,63982.72,22224.49,14,2026-07-23,2262.3,56.09,Books,9.0
CUST00222,Meera Sinha,29,Female,39754.46,22694.42,10,2026-07-26,2002.65,9.17,Fashion,7.0
CUST00223,Akash Tiwari,26,Female,34800.77,32721.92,9,2026-05-30,2914.83,38.88,Beauty,7.0
CUST00224,Sameer Sinha,23,Female,32627.93,5323.95,3,2026-06-26,1686.34,40.92,Electronics,7.0
CUST00225,Rahul Verma,26,Female,54517.34,7311.6,5,2026-07-28,1736.44,21.64,Sports,7.0
CUST00226,Vikas Sinha,40,Female,90758.62,28561.61,9,2026-07-08,2573.84,23.01,Fashion,5.0
CUST00227,Arjun Pandey,38,Female,48870.46,9859.65,4,2026-08-02,3068.47,30.63,Books,7.0
CUST00228,Vikas Verma,28,Male,34323.14,17983.3,7,2026-06-20,2357.41,20.38,Home & Kitchen,8.0
CUST00229,Kavya Kumar,38,Female,46687.94,4847.19,4,2026-07-21,1799.64,49.9,Electronics,7.0
CUST00230,Manish Mishra,33,Female,60642.99,11514.37,9,2026-06-27,1455.98,54.83,Fashion,8.0
CUST00231,Vikas Srivastava,26,Male,40002.73,14291.65,8,2026-03-08,1488.02,40.97,Sports,7.0
CUST00232,Diya Malhotra,18,Female,40777.95,11308.25,8,2026-07-17,1147.97,47.71,Home & Kitchen,5.0
CUST00233,Meera Singh,40,Female,39876.81,22782.55,8,2026-07-25,2347.82,69.25,Fashion,4.0
CUST00234,Shreya Jaiswal,31,Male,23962.81,50054.29,12,2026-08-05,3331.36,44.33,Sports,7.0
CUST00235,Krishna Sharma,21,Female,131301.9,14498.99,6,2026-08-05,3388.19,76.62,Home & Kitchen,7.0
CUST00236,Sakshi Pandey,20,Male,51553.71,15011.69,7,2026-07-29,2214.62,26.73,Sports,9.0
CUST00237,Kavya Gupta,19,Female,59512.22,17252.23,10,2026-05-19,1407.55,0.0,Books,6.0
CUST00238,Riya Shukla,20,Male,55160.42,20789.97,8,2026-08-02,2651.69,0.0,Home & Kitchen,6.0
CUST00239,Rohan Mehta,33,Male,45432.74,23998.63,8,2026-07-17,2718.82,0.0,Books,8.0
CUST00240,Akash Kumar,35,Female,21969.08,19327.68,6,2026-08-02,2916.59,10.96,Electronics,6.0
CUST00241,Neha Gupta,21,Male,38889.72,42022.68,15,2026-05-23,3246.04,24.95,Electronics,7.0
CUST00242,Ananya Jaiswal,29,Male,76133.16,33716.33,10,2026-07-21,2652.57,65.15,Beauty,6.0
CUST00243,Shreya Shukla,41,Female,57675.91,15475.98,9,2026-07-24,1536.22,46.45,Beauty,4.0
CUST00244,Rohan Gupta,43,Male,38272.21,14953.3,6,2026-08-01,1962.7,55.97,Beauty,9.0
CUST00245,Diya Verma,28,Female,35303.16,17258.97,6,2026-08-08,2200.27,26.77,Books,6.0
CUST00246,Meera Tiwari,41,Female,46331.28,13974.22,9,2026-05-28,1935.81,59.2,Home & Kitchen,6.0
CUST00247,Kavya Shukla,25,Male,32193.56,2806.96,7,2026-07-22,300.0,27.5,Books,8.0
CUST00248,Diya Yadav,18,Female,49685.84,8452.14,8,2026-06-17,1525.91,33.07,Electronics,6.0
CUST00249,Arjun Sharma,36,Female,26581.93,18688.99,11,2026-07-20,2378.98,21.08,Electronics,5.0
CUST00250,Ananya Yadav,40,Female,66292.31,32962.68,11,2026-06-02,3652.18,39.45,Electronics,8.0
CUST00251,Tanvi Tiwari,37,Male,32019.14,30305.84,9,2026-07-02,3175.31,53.35,Home & Kitchen,5.0
CUST00252,Riya Sharma,27,Male,31860.22,18662.27,6,2026-08-07,2587.56,56.46,Home & Kitchen,7.0
CUST00253,Pooja Pandey,24,Male,77833.6,12623.22,5,2026-07-05,1882.28,73.23,Fashion,6.0
CUST00254,Aarav Kumar,24,Male,48952.21,15620.67,6,2026-04-19,2339.67,1.63,Electronics,8.0
CUST00255,Ayush Agarwal,22,Female,39112.38,19469.54,10,2026-06-22,1618.43,20.76,Electronics,
CUST00256,Ananya Chauhan,47,Male,74926.62,10177.36,7,2026-06-02,1739.63,65.7,Sports,6.0
CUST00257,Neha Mehta,23,Male,81629.77,9986.03,7,2026-06-28,1217.25,52.53,Home & Kitchen,5.0
CUST00258,Ayush Verma,26,Male,39054.02,17280.65,10,2026-06-19,1788.14,68.53,Books,5.0
CUST00259,Aarav Verma,24,Female,37064.15,19986.46,11,2026-06-27,1871.93,0.24,Beauty,7.0
CUST00260,Akash Malhotra,35,Female,43292.85,6048.58,4,2026-07-29,1594.43,58.61,Books,10.0
CUST00261,Aditya Agarwal,41,Female,54930.58,10257.4,8,2026-06-24,1827.91,62.32,Sports,5.0
CUST00262,Diya Shukla,30,Male,55617.49,9809.97,4,2026-07-22,3523.81,50.32,Books,8.0
CUST00263,Riya Rai,23,Female,92301.05,22885.4,9,2026-08-02,2774.09,0.0,Home & Kitchen,4.0
CUST00264,Manish Gupta,25,Female,29216.74,21385.05,11,2026-07-01,1936.57,83.89,Books,6.0
CUST00265,Rohan Shukla,18,Male,27978.37,21741.1,5,2026-05-09,3487.07,58.81,Books,4.0
CUST00266,Vikas Tiwari,40,Male,48203.68,18180.31,6,2026-08-06,3186.01,74.45,Beauty,5.0
CUST00267,Krishna Chauhan,42,Female,51160.15,31897.45,10,2026-07-01,2594.99,0.0,Books,7.0
CUST00268,Karan Pandey,36,Male,82505.74,13401.13,6,2026-07-19,2570.86,74.83,Home & Kitchen,6.0
CUST00269,Neha Singh,33,Male,34019.69,20845.79,8,2026-05-23,2304.37,62.69,Electronics,8.0
CUST00270,Akash Srivastava,37,Male,22365.65,15816.77,7,2026-07-07,3159.04,63.01,Fashion,7.0
CUST00271,Pooja Shukla,38,Male,26543.66,7277.67,4,2026-07-18,1715.58,32.28,Home & Kitchen,3.0
CUST00272,Varun Chauhan,50,Male,72398.9,6411.24,3,2026-05-07,2279.39,68.91,Books,9.0
CUST00273,Riya Sinha,36,Male,45751.53,6298.0,2,2026-06-24,2371.45,8.27,Home & Kitchen,6.0
CUST00274,Arjun Kumar,39,Male,21228.03,17632.13,8,2026-07-17,2090.02,58.07,Books,9.0
CUST00275,Akash Srivastava,18,Female,38347.82,5459.72,3,2026-06-12,2255.23,45.15,Sports,6.0
CUST00276,Diya Tiwari,18,Female,38286.1,11944.47,8,2026-05-22,2044.11,45.05,Beauty,6.0
CUST00277,Sakshi Pandey,27,Male,23918.09,18020.18,11,2026-07-16,1522.07,43.49,Electronics,4.0
CUST00278,Sneha Sinha,41,Male,47608.49,17264.16,9,2026-07-11,2280.12,62.36,Home & Kitchen,5.0
CUST00279,Varun Kumar,18,Female,27636.99,14966.7,8,2026-07-03,2859.41,22.52,Sports,8.0
CUST00280,Shreya Sharma,22,Female,82406.81,15805.37,8,2026-07-25,2827.6,34.97,Electronics,7.0
CUST00281,Meera Agarwal,37,Male,46881.82,21023.9,8,2026-06-30,2877.35,38.7,Fashion,6.0
CUST00282,Karan Singh,43,Female,51243.99,12702.21,6,2026-06-27,2438.57,3.88,Electronics,9.0
CUST00283,Riya Verma,32,Male,24783.21,8869.34,4,2026-05-29,2916.83,58.65,Books,10.0
CUST00284,Sakshi Chauhan,18,Male,78171.07,25165.5,9,2026-07-28,3326.9,76.0,Beauty,7.0
CUST00285,Arjun Rai,39,Female,63171.93,36187.1,12,2026-07-02,3208.32,52.89,Electronics,7.0
CUST00286,Isha Malhotra,18,Female,32557.01,11056.84,12,2026-07-22,968.94,32.53,Sports,7.0
CUST00287,Krishna Verma,31,Female,31955.35,14327.98,9,2026-06-19,2335.02,37.84,Electronics,7.0
CUST00288,Arjun Kumar,18,Male,47677.76,35183.74,11,2026-06-20,3714.92,55.59,Home & Kitchen,8.0
CUST00289,Aarav Malhotra,36,Female,37596.46,12098.07,6,2026-07-31,2292.12,59.58,Books,7.0
CUST00290,Krishna Shukla,48,Female,30119.05,30548.95,11,2026-06-26,3592.79,36.45,Books,7.0
CUST00291,Tanvi Srivastava,23,Male,30436.13,11902.19,5,2026-07-20,2380.0,35.79,Electronics,5.0
CUST00292,Aditi Chauhan,20,Female,18000.0,25993.6,8,2026-06-01,2592.65,2.24,Electronics,5.0
CUST00293,Varun Agarwal,36,Female,35662.11,17671.23,11,2026-08-08,1240.7,26.83,Sports,6.0
CUST00294,Sameer Chauhan,36,Female,51264.58,17824.21,7,2026-07-22,2421.88,60.06,Home & Kitchen,6.0
CUST00295,Karan Mishra,49,Male,33778.28,21326.6,10,2026-05-14,2284.53,35.35,Sports,7.0
CUST00296,Yash Srivastava,26,Female,23399.76,6277.42,3,2026-07-29,1697.86,13.72,Electronics,6.0
CUST00297,Ayush Chauhan,18,Female,54841.04,16500.2,8,2026-07-23,1661.8,13.83,Sports,8.0
CUST00298,Krishna Sinha,27,Female,51141.99,10590.78,6,2026-05-15,1736.01,30.94,Books,7.0
CUST00299,Sneha Mishra,32,Female,38310.34,14194.48,11,2026-07-24,1602.79,45.27,Electronics,9.0
CUST00300,Arjun Srivastava,32,Male,63301.88,16742.97,5,2026-08-08,3278.36,32.32,Home & Kitchen,7.0
CUST00301,Ananya Pandey,28,Male,26034.72,20757.52,9,2026-08-06,2828.58,44.62,Fashion,5.0
CUST00302,Sneha Singh,22,Male,23603.29,18609.6,6,2026-06-29,2894.15,54.58,Fashion,5.0
CUST00303,Rahul Mehta,23,Female,83468.45,18692.99,8,2026-06-28,2397.11,31.97,Books,6.0
CUST00304,Rohan Agarwal,19,Female,34847.01,7442.68,3,2026-08-02,1976.85,44.46,Fashion,7.0
CUST00305,Meera Sinha,34,Female,93351.55,21045.15,9,2026-08-07,3351.03,39.86,Home & Kitchen,6.0
CUST00306,Aditya Sinha,18,Male,61991.7,23575.37,14,2026-05-28,1878.66,62.87,Beauty,8.0
CUST00307,Kavya Sinha,29,Female,72559.63,12871.07,7,2026-07-30,2718.7,67.42,Electronics,8.0
CUST00308,Nikhil Jaiswal,24,Male,22594.07,23369.87,11,2026-07-05,1966.24,54.21,Beauty,7.0
CUST00309,Suraj Yadav,36,Male,32071.35,24104.21,9,2026-06-30,2775.92,24.01,Home & Kitchen,6.0
CUST00310,Aditi Mehta,18,Female,36845.94,22118.91,8,2026-07-30,2762.22,11.65,Electronics,8.0
CUST00311,Aditya Rai,31,Female,39823.96,35321.25,11,2026-07-03,2400.46,0.0,Books,6.0
CUST00312,Sameer Mehta,35,Male,85486.3,14814.92,13,2026-08-06,1682.33,24.56,Beauty,8.0
CUST00313,Yash Sinha,49,Male,31301.56,6208.21,9,2026-04-18,762.44,28.59,Beauty,7.0
CUST00314,Sakshi Verma,29,Female,42287.47,27795.95,7,2026-07-09,3330.9,20.7,Books,6.0
CUST00315,Akash Shukla,23,Female,48504.22,4664.79,3,2026-05-18,2233.65,23.42,Books,6.0
CUST00316,Shreya Kumar,18,Female,43152.87,9538.39,6,2026-07-25,1872.69,66.97,Home & Kitchen,8.0
CUST00317,Ananya Srivastava,25,Male,116636.47,23475.81,9,2026-05-16,2465.62,10.4,Home & Kitchen,8.0
CUST00318,Sameer Singh,57,Female,42321.3,18350.16,10,2026-08-03,2478.86,40.01,Home & Kitchen,8.0
CUST00319,Karan Kumar,23,Female,33363.04,18793.84,9,2026-08-02,1897.6,0.0,Books,7.0
CUST00320,Manish Rai,28,Male,36926.27,10335.5,3,2026-08-05,3125.67,36.59,Home & Kitchen,7.0
CUST00321,Ankit Yadav,39,Male,45977.65,29086.97,12,2026-08-07,2681.86,51.22,Home & Kitchen,5.0
CUST00322,Ananya Kumar,24,Female,81469.4,27530.94,11,2026-07-29,3190.72,67.59,Electronics,6.0
CUST00323,Akash Rai,30,Female,38397.52,17752.47,6,2026-06-21,2383.97,13.09,Sports,9.0
CUST00324,Vikas Kumar,25,Male,47158.14,1897.65,3,2026-07-16,568.15,38.08,Sports,7.0
CUST00325,Ankit Mishra,40,Female,44440.36,7415.29,12,2026-05-07,815.25,61.39,Books,7.0
CUST00326,Kavya Tiwari,27,Female,33109.58,11901.03,8,2026-07-29,2185.81,31.94,Beauty,9.0
CUST00327,Suraj Mehta,27,Female,28715.41,17123.66,10,2026-07-31,1455.26,54.65,Fashion,6.0
CUST00328,Suraj Malhotra,35,Male,127654.68,6788.61,3,2026-07-15,2611.12,42.92,Fashion,7.0
CUST00329,Rahul Mehta,18,Female,145359.13,35269.56,12,2026-07-17,2612.99,15.61,Beauty,6.0
CUST00330,Nikhil Rai,33,Female,40442.93,13780.76,8,2026-08-08,1441.88,35.91,Beauty,8.0
CUST00331,Suraj Kumar,28,Male,21180.81,47307.16,12,2026-07-08,3226.54,43.39,Home & Kitchen,8.0
CUST00332,Varun Srivastava,26,Male,37110.59,15779.35,10,2026-07-14,1436.02,38.29,Sports,10.0
CUST00333,Nikhil Gupta,32,Male,54838.51,21704.48,9,2026-03-09,2100.74,45.93,Home & Kitchen,8.0
CUST00334,Diya Mehta,29,Male,43177.65,18136.38,6,2026-07-23,2552.59,3.53,Sports,5.0
CUST00335,Aditya Tiwari,18,Male,42379.65,26099.96,11,2026-06-30,1926.33,38.71,Beauty,6.0
CUST00336,Manish Verma,38,Female,41665.44,19519.76,5,2026-08-03,2999.97,51.29,Beauty,10.0
CUST00337,Aditya Srivastava,23,Female,31050.32,11177.03,10,2026-07-09,1371.34,17.14,Fashion,8.0
CUST00338,Akash Agarwal,35,Male,36894.26,9858.08,4,2026-06-17,2822.79,0.58,Fashion,6.0
CUST00339,Yash Malhotra,25,Male,70709.58,19303.69,12,2026-07-22,2376.79,0.0,Books,8.0
CUST00340,Neha Mehta,33,Male,106590.98,20861.15,5,2026-07-27,3532.23,0.0,Sports,7.0
CUST00341,Aarav Pandey,22,Male,42251.81,28982.55,12,2026-06-25,1880.86,35.65,Fashion,7.0
CUST00342,Shreya Rai,24,Male,53012.86,5970.74,5,2026-07-12,1154.7,36.58,Beauty,8.0
CUST00343,Ayush Sinha,34,Male,31275.03,10249.97,5,2026-07-27,1717.89,26.91,Electronics,8.0
CUST00344,Rohan Mehta,30,Male,73496.39,18137.44,8,2026-05-20,2775.32,56.6,Electronics,8.0
CUST00345,Neha Shukla,43,Male,80376.55,21444.9,8,2026-07-15,2169.34,33.78,Electronics,8.0
CUST00346,Isha Chauhan,31,Male,23734.39,28162.09,9,2026-06-23,2713.94,19.77,Electronics,6.0
CUST00347,Manish Mishra,32,Female,35693.63,11477.36,11,2026-08-05,1274.93,39.46,Books,7.0
CUST00348,Kavya Singh,42,Male,58019.9,5411.62,5,2026-05-19,1064.82,37.48,Sports,6.0
CUST00349,Neha Verma,43,Male,50510.05,18378.08,6,2026-06-20,3317.4,45.41,Books,6.0
CUST00350,Diya Sharma,21,Female,65025.56,36382.38,10,2026-07-25,2721.75,47.75,Home & Kitchen,7.0
CUST00351,Shreya Gupta,19,Male,71271.46,16441.77,6,2026-07-30,3074.28,34.77,Sports,7.0
CUST00352,Kavya Shukla,26,Female,65941.02,12802.52,7,2026-02-04,2460.27,0.0,Home & Kitchen,5.0
CUST00353,Sakshi Mehta,22,Male,27732.87,22665.38,9,2026-03-31,2045.35,44.78,Books,5.0
CUST00354,Suraj Kumar,41,Female,34026.66,8367.08,5,2026-07-31,1532.13,41.97,Electronics,6.0
CUST00355,Arjun Verma,44,Female,25146.01,16790.78,9,2026-02-15,2760.28,59.0,Fashion,8.0
CUST00356,Isha Rai,26,Male,48898.76,21861.52,12,2026-04-22,2091.81,32.45,Beauty,7.0
CUST00357,Sneha Yadav,44,Female,64712.33,8677.14,5,2026-06-23,2097.65,48.11,Home & Kitchen,9.0
CUST00358,Aditi Agarwal,18,Female,39738.41,37299.26,12,2026-07-26,2479.68,23.07,Home & Kitchen,6.0
CUST00359,Manish Jaiswal,27,Male,74936.57,25985.94,8,2026-04-13,2685.52,15.31,Books,9.0
CUST00360,Krishna Agarwal,31,Female,98640.7,25391.17,8,2026-05-30,2486.9,29.45,Fashion,9.0
CUST00361,Kavya Rai,40,Female,49163.09,14071.26,6,2026-07-30,2067.27,44.79,Home & Kitchen,6.0
CUST00362,Aditya Chauhan,42,Male,25233.91,14372.9,6,2026-07-13,2066.93,36.12,Sports,6.0
CUST00363,Karan Gupta,29,Male,44531.12,12806.07,10,2026-05-11,1241.1,24.21,Electronics,6.0
CUST00364,Isha Mehta,49,Female,23129.88,28824.88,13,2026-07-22,1992.82,40.64,Sports,7.0
CUST00365,Meera Srivastava,32,Female,58719.86,13351.63,8,2026-04-14,2176.94,11.83,Beauty,6.0
CUST00366,Yash Srivastava,46,Male,30173.63,19697.7,8,2026-06-20,2124.85,53.63,Sports,8.0
CUST00367,Suraj Verma,39,Female,49666.83,10488.84,7,2026-07-17,1779.18,16.0,Electronics,5.0
CUST00368,Suraj Mishra,20,Female,38857.47,12830.21,6,2026-07-17,2364.62,48.33,Electronics,8.0
CUST00369,Sakshi Mehta,30,Male,57798.06,39787.74,13,2026-07-02,2460.15,11.45,Electronics,8.0
CUST00370,Sneha Srivastava,33,Male,69788.24,7903.53,4,2026-06-05,2834.58,35.7,Home & Kitchen,9.0
CUST00371,Aditi Kumar,21,Female,43371.33,28744.37,8,2026-05-25,2733.13,22.51,Books,7.0
CUST00372,Kavya Mehta,35,Female,91304.25,23253.18,7,2026-05-08,2527.73,30.28,Electronics,6.0
CUST00373,Krishna Agarwal,35,Male,32945.59,21119.71,9,2026-08-03,2299.22,55.46,Books,5.0
CUST00374,Akash Sharma,29,Female,70490.69,32408.42,13,2026-07-10,3022.76,1.19,Books,6.0
CUST00375,Krishna Shukla,18,Male,53551.1,7735.21,7,2026-08-08,1105.77,27.29,Electronics,7.0
CUST00376,Sameer Mehta,18,Female,18000.0,26406.44,9,2026-07-22,2460.47,63.55,Fashion,6.0
CUST00377,Neha Yadav,19,Female,50768.21,23397.93,9,2026-08-06,2288.96,8.43,Electronics,7.0
CUST00378,Meera Mishra,34,Male,46075.07,24261.4,7,2026-07-08,2779.45,46.76,Books,8.0
CUST00379,Suraj Agarwal,24,Female,35986.65,13688.78,5,2026-04-10,2030.85,17.36,Books,8.0
CUST00380,Pooja Shukla,36,Female,18000.0,18757.94,10,2026-05-20,1635.85,21.46,Home & Kitchen,7.0
CUST00381,Sameer Mishra,27,Female,30584.53,13146.73,6,2026-05-20,1758.59,38.02,Home & Kitchen,10.0
CUST00382,Arjun Kumar,44,Male,25335.35,9722.2,6,2026-07-25,2204.72,46.68,Fashion,8.0
CUST00383,Pooja Srivastava,40,Female,82311.12,9925.87,7,2026-04-18,2121.46,67.19,Beauty,6.0
CUST00384,Aditya Singh,34,Male,28117.2,6369.77,6,2026-07-19,984.48,27.16,Home & Kitchen,6.0
CUST00385,Shreya Malhotra,35,Female,36307.28,28617.28,7,2026-04-22,3028.92,0.0,Sports,5.0
CUST00386,Tanvi Singh,33,Female,71553.15,35091.3,13,2026-07-22,2271.37,9.19,Fashion,7.0
CUST00387,Meera Mehta,31,Female,39691.87,31181.97,10,2026-07-21,2835.66,7.0,Books,10.0
CUST00388,Tanvi Shukla,42,Female,25170.31,22756.65,12,2026-03-26,2563.26,28.63,Books,6.0
CUST00389,Ananya Chauhan,39,Male,37179.7,8814.76,9,2026-07-20,824.81,15.96,Sports,9.0
CUST00390,Nikhil Kumar,33,Male,52855.76,8725.13,8,2026-07-20,885.28,95.29,Home & Kitchen,7.0
CUST00391,Yash Tiwari,30,Male,57242.23,11059.99,5,2026-08-01,2897.65,18.04,Home & Kitchen,7.0
CUST00392,Diya Yadav,19,Female,28524.06,17278.29,9,2026-07-03,1545.55,23.89,Books,7.0
CUST00393,Isha Shukla,18,Female,111188.26,17236.51,8,2026-05-22,2920.97,9.76,Electronics,5.0
CUST00394,Rahul Kumar,43,Male,61632.85,23552.72,8,2026-07-03,2766.31,17.52,Fashion,8.0
CUST00395,Rahul Verma,30,Female,30767.97,28206.53,12,2026-07-24,1895.95,49.81,Electronics,8.0
CUST00396,Rohan Pandey,32,Male,41675.53,13235.76,10,2026-08-02,1941.23,26.26,Books,5.0
CUST00397,Manish Sharma,37,Male,22028.27,24644.91,10,2026-07-06,2076.46,26.52,Beauty,7.0
CUST00398,Isha Malhotra,36,Female,46075.35,15803.34,8,2026-06-18,1796.92,9.47,Fashion,6.0
CUST00399,Aditya Verma,25,Female,45735.61,24895.17,13,2026-03-27,2231.42,6.92,Fashion,5.0
CUST00400,Meera Yadav,18,Female,62134.48,19355.53,6,2026-07-30,3428.42,48.78,Home & Kitchen,6.0
CUST00401,Sameer Agarwal,31,Male,30537.83,12305.39,6,2026-07-09,2360.59,44.07,Books,8.0
CUST00402,Ananya Srivastava,27,Female,36311.83,11997.26,5,2026-05-19,1800.36,26.5,Sports,8.0
CUST00403,Meera Gupta,40,Male,46890.29,7216.4,3,2026-07-13,2754.2,41.51,Home & Kitchen,5.0
CUST00404,Akash Verma,35,Female,43579.56,5411.57,6,2026-06-06,1095.18,33.16,Home & Kitchen,7.0
CUST00405,Manish Tiwari,24,Female,83439.3,17806.41,6,2026-06-17,2364.89,15.1,Fashion,4.0
CUST00406,Shreya Agarwal,41,Female,89251.21,5458.45,3,2026-07-26,1395.71,44.2,Fashion,7.0
CUST00407,Nikhil Mehta,41,Male,18402.25,14668.57,8,2026-07-24,1835.8,63.78,Beauty,8.0
CUST00408,Aditya Jaiswal,28,Female,30306.11,24297.94,9,2026-04-07,2704.75,37.14,Sports,5.0
CUST00409,Arjun Srivastava,38,Female,37146.69,14536.77,5,2026-06-12,2191.45,0.0,Electronics,7.0
CUST00410,Riya Malhotra,23,Male,166216.44,25755.31,11,2026-08-05,2764.5,38.6,Home & Kitchen,8.0
CUST00411,Manish Kumar,46,Male,38586.32,28079.39,12,2026-07-27,1882.47,5.34,Home & Kitchen,6.0
CUST00412,Kavya Verma,28,Female,58419.01,13461.15,9,2026-08-07,1262.5,22.9,Beauty,8.0
CUST00413,Arjun Srivastava,19,Male,61442.77,10712.59,7,2026-07-05,1458.61,9.74,Sports,8.0
CUST00414,Nikhil Mehta,22,Female,50244.06,29041.81,13,2026-05-23,3184.71,50.29,Sports,5.0
CUST00415,Riya Gupta,29,Female,72182.33,14393.52,5,2026-06-30,2344.76,59.67,Fashion,6.0
CUST00416,Suraj Agarwal,26,Male,40901.36,17221.24,6,2026-07-11,3100.47,56.68,Sports,7.0
CUST00417,Arjun Rai,18,Female,32409.63,10325.74,3,2026-07-02,2920.65,31.33,Beauty,6.0
CUST00418,Ananya Agarwal,27,Male,35219.66,11120.09,10,2026-07-13,1631.2,54.99,Beauty,6.0
CUST00419,Vikas Rai,29,Female,18000.0,19119.77,13,2026-08-05,1949.93,37.28,Fashion,6.0
CUST00420,Karan Mishra,32,Female,39884.9,20683.95,8,2026-07-28,1985.85,13.08,Beauty,7.0
CUST00421,Nikhil Rai,30,Female,102133.38,35898.5,10,2026-04-26,3368.83,35.46,Sports,6.0
CUST00422,Isha Malhotra,22,Female,27304.36,15941.24,6,2026-06-29,2318.15,8.39,Electronics,4.0
CUST00423,Akash Chauhan,41,Female,22824.54,8862.42,8,2026-07-02,1256.2,27.05,Sports,7.0
CUST00424,Shreya Sharma,37,Female,48709.28,17556.12,8,2026-04-02,1817.06,27.35,Sports,4.0
CUST00425,Rohan Tiwari,23,Female,37112.36,11166.17,8,2026-07-29,1669.84,0.0,Books,5.0
CUST00426,Ankit Rai,39,Male,53549.29,19035.81,7,2026-07-17,2569.19,39.3,Books,8.0
CUST00427,Sakshi Tiwari,34,Female,23549.87,7182.8,7,2026-03-30,1361.9,30.93,Electronics,4.0
CUST00428,Meera Agarwal,29,Male,44112.46,20515.76,8,2026-07-14,3272.89,31.6,Beauty,9.0
CUST00429,Arjun Chauhan,37,Male,18000.0,25468.31,12,2026-08-07,2260.06,9.49,Sports,9.0
CUST00430,Shreya Verma,18,Female,90361.39,27682.78,9,2026-08-08,2439.28,10.62,Books,7.0
CUST00431,Pooja Agarwal,29,Male,41614.71,12859.88,9,2026-07-06,1410.43,4.94,Books,6.0
CUST00432,Karan Mishra,24,Female,33539.79,19208.28,7,2026-07-10,2695.96,44.23,Beauty,8.0
CUST00433,Sakshi Pandey,22,Female,37829.38,17556.85,11,2026-04-10,1546.0,43.13,Sports,9.0
CUST00434,Ayush Pandey,25,Female,71299.89,25392.83,13,2026-07-10,2489.59,26.43,Sports,7.0
CUST00435,Isha Sinha,28,Female,37476.14,18329.28,7,2026-07-22,3243.06,42.82,Books,6.0
CUST00436,Neha Agarwal,45,Male,118755.8,12853.07,4,2026-07-21,2835.65,19.92,Beauty,7.0
CUST00437,Yash Pandey,42,Female,51221.03,4296.22,3,2026-08-06,1373.9,48.74,Home & Kitchen,6.0
CUST00438,Pooja Jaiswal,40,Male,53553.8,23457.78,9,2026-07-17,2478.92,55.77,Beauty,7.0
CUST00439,Suraj Kumar,25,Female,43710.88,22542.06,10,2026-03-31,1710.03,42.34,Home & Kitchen,7.0
CUST00440,Sameer Singh,27,Male,48635.1,20735.34,11,2026-07-01,2214.19,0.0,Home & Kitchen,6.0
CUST00441,Shreya Malhotra,26,Female,89830.7,22359.48,8,2026-06-08,2519.82,52.46,Fashion,7.0
CUST00442,Diya Shukla,23,Male,44503.06,17366.12,11,2026-05-26,1283.98,8.62,Books,7.0
CUST00443,Riya Tiwari,22,Female,46874.52,7742.39,9,2026-05-30,1153.03,7.57,Fashion,5.0
CUST00444,Nikhil Tiwari,30,Male,45741.77,11300.6,9,2026-08-08,1122.21,32.9,Books,8.0
CUST00445,Manish Agarwal,26,Male,42884.23,17468.67,11,2026-05-12,2312.45,28.09,Books,7.0
CUST00446,Sneha Kumar,28,Female,54324.09,6261.84,4,2026-07-31,2173.1,2.53,Electronics,7.0
CUST00447,Yash Malhotra,27,Male,25676.65,11017.29,7,2026-06-07,1683.61,29.38,Beauty,9.0
CUST00448,Isha Agarwal,49,Male,25321.67,22572.0,8,2026-07-20,2392.85,34.09,Home & Kitchen,5.0
CUST00449,Aditya Tiwari,23,Male,51669.86,24022.72,8,2026-07-24,2335.83,45.33,Sports,6.0
CUST00450,Ankit Chauhan,30,Male,31938.22,30709.14,7,2026-07-02,3402.74,19.3,Fashion,8.0
CUST00451,Krishna Malhotra,36,Male,37790.45,19704.08,7,2026-06-17,2088.15,46.82,Fashion,10.0
CUST00452,Aarav Sinha,18,Female,38243.29,9539.22,7,2026-07-13,1078.36,42.58,Sports,8.0
CUST00453,Karan Sinha,42,Male,47171.07,8057.99,9,2026-07-01,688.76,48.68,Beauty,7.0
CUST00454,Ananya Rai,24,Female,101254.35,24443.11,6,2026-07-26,3201.5,38.21,Beauty,9.0
CUST00455,Akash Agarwal,34,Female,59857.11,12393.86,6,2026-07-16,2631.5,11.07,Fashion,5.0
CUST00456,Sameer Mishra,28,Female,43186.56,20416.76,6,2026-07-12,3082.8,7.37,Electronics,5.0
CUST00457,Rahul Yadav,24,Female,39435.23,17618.11,7,2026-07-29,2091.23,39.35,Fashion,6.0
CUST00458,Nikhil Agarwal,28,Female,33323.11,19515.41,7,2026-07-26,2268.64,0.0,Electronics,9.0
CUST00459,Ankit Kumar,40,Female,50197.01,30374.09,9,2026-06-23,3017.4,27.38,Beauty,5.0
CUST00460,Aarav Pandey,41,Female,45111.56,23184.37,6,2026-07-10,2960.79,31.33,Beauty,5.0
CUST00461,Diya Agarwal,47,Male,29566.02,21795.3,9,2026-07-05,2515.49,13.02,Home & Kitchen,7.0
CUST00462,Kavya Tiwari,22,Male,42105.62,15255.32,7,2026-07-28,2615.97,23.67,Electronics,8.0
CUST00463,Ankit Jaiswal,32,Male,18000.0,17394.66,9,2026-05-19,1980.72,4.11,Books,8.0
CUST00464,Rohan Sinha,38,Female,27054.41,6489.04,6,2026-05-22,954.38,20.67,Home & Kitchen,8.0
CUST00465,Ananya Malhotra,34,Male,46766.0,20054.37,11,2026-04-30,2269.29,71.18,Fashion,8.0
CUST00466,Riya Srivastava,18,Female,54238.26,13569.13,6,2026-06-20,1927.3,36.89,Beauty,5.0
CUST00467,Suraj Yadav,46,Female,34333.72,25996.34,8,2026-08-01,2753.51,10.54,Fashion,8.0
CUST00468,Nikhil Srivastava,33,Male,74510.23,12495.72,7,2026-07-23,1753.79,28.58,Electronics,5.0
CUST00469,Pooja Rai,41,Male,40744.65,28183.31,14,2026-08-07,2903.93,4.87,Fashion,7.0
CUST00470,Varun Rai,28,Male,32331.72,4739.46,7,2026-06-08,884.85,46.77,Beauty,8.0
CUST00471,Sameer Malhotra,40,Male,76750.57,27297.77,7,2026-05-09,3462.67,55.4,Electronics,8.0
CUST00472,Meera Kumar,25,Female,69435.4,25276.07,8,2026-08-05,2598.1,27.69,Sports,10.0
CUST00473,Aditi Shukla,38,Female,64323.44,15242.28,9,2026-07-26,1746.4,61.05,Beauty,5.0
CUST00474,Krishna Pandey,44,Female,89044.16,20109.7,6,2026-01-31,2898.58,32.29,Electronics,8.0
CUST00475,Aditi Chauhan,38,Male,46262.44,11475.49,4,2026-07-05,2719.78,32.55,Home & Kitchen,5.0
CUST00476,Aditi Singh,32,Male,49260.08,13149.3,7,2026-08-01,1825.86,81.76,Beauty,5.0
CUST00477,Ankit Kumar,24,Male,71589.11,16776.34,7,2026-08-05,2816.36,10.35,Books,9.0
CUST00478,Vikas Jaiswal,24,Female,75155.5,22508.67,7,2026-04-29,3525.32,56.8,Beauty,6.0
CUST00479,Sakshi Shukla,18,Female,74743.56,3168.88,3,2026-04-15,1157.01,32.08,Fashion,7.0
CUST00480,Pooja Jaiswal,28,Female,22812.74,4828.34,3,2026-08-08,2195.57,19.54,Sports,6.0
CUST00481,Ayush Sharma,25,Male,37984.6,7051.39,5,2026-07-08,1216.28,27.48,Electronics,7.0
CUST00482,Shreya Shukla,39,Female,25259.57,9261.91,9,2026-08-02,1056.46,41.75,Beauty,6.0
CUST00483,Ayush Mehta,52,Female,29070.25,36808.47,11,2026-07-25,2728.6,48.39,Home & Kitchen,3.0
CUST00484,Yash Gupta,30,Male,23298.07,4357.79,3,2026-07-21,1723.22,23.95,Electronics,5.0
CUST00485,Yash Sharma,32,Female,68751.74,21021.97,5,2026-05-03,3891.35,0.0,Fashion,6.0
CUST00486,Riya Verma,20,Male,29669.72,7896.65,11,2026-08-07,1029.8,51.59,Beauty,6.0
CUST00487,Aditi Jaiswal,27,Male,79062.71,12751.72,5,2026-08-04,3105.2,12.62,Beauty,7.0
CUST00488,Sneha Verma,23,Male,80793.21,23107.9,7,2026-06-30,3211.74,45.75,Fashion,8.0
CUST00489,Yash Agarwal,20,Female,30393.16,9452.46,8,2026-06-26,1451.7,28.37,Sports,7.0
CUST00490,Vikas Kumar,33,Female,47475.3,9097.6,6,2026-08-03,1858.55,27.75,Books,8.0
CUST00491,Diya Verma,53,Male,31403.63,5083.93,2,2026-02-08,2705.68,31.33,Sports,5.0
CUST00492,Manish Shukla,35,Male,45089.85,27844.34,9,2026-07-13,2843.07,48.39,Beauty,8.0
CUST00493,Rohan Jaiswal,36,Male,53976.61,23251.17,6,2026-08-05,2912.36,33.07,Sports,8.0
CUST00494,Manish Kumar,42,Female,18466.17,20865.46,7,2026-07-12,2620.66,57.03,Home & Kitchen,8.0
CUST00495,Pooja Malhotra,24,Female,119597.09,18521.63,11,2026-08-04,2162.26,49.34,Fashion,7.0
CUST00496,Sameer Kumar,32,Male,60530.94,12747.04,7,2026-03-17,2116.18,32.13,Beauty,7.0
CUST00497,Manish Shukla,40,Male,58732.77,8659.96,8,2026-07-14,1037.2,30.29,Sports,5.0
CUST00498,Diya Yadav,49,Male,90049.95,19300.91,9,2026-06-22,2326.24,41.29,Home & Kitchen,6.0
CUST00499,Varun Srivastava,30,Male,72716.11,40085.75,11,2026-07-31,2812.81,60.36,Electronics,9.0
CUST00500,Krishna Verma,31,Male,44311.71,20143.78,9,2026-06-23,3262.32,17.42,Electronics,7.0
CUST00501,Rahul Shukla,28,Male,55654.7,36209.24,10,2026-07-19,2984.47,62.15,Fashion,7.0
CUST00502,Yash Agarwal,29,Female,26591.19,13415.57,11,2026-07-19,1531.73,22.43,Home & Kitchen,3.0
CUST00503,Arjun Gupta,27,Male,41462.49,13857.39,9,2026-04-08,1928.82,23.09,Books,4.0
CUST00504,Sameer Yadav,35,Female,39230.9,25493.12,7,2026-04-07,2822.92,27.38,Beauty,5.0
CUST00505,Sneha Sinha,45,Male,26656.73,9997.69,4,2026-08-08,2411.51,21.73,Beauty,4.0
CUST00506,Kavya Sinha,40,Female,160734.86,29488.38,8,2026-06-30,3601.22,17.28,Home & Kitchen,6.0
CUST00507,Neha Mehta,19,Female,46844.89,22452.24,10,2026-07-22,2225.26,27.84,Electronics,5.0
CUST00508,Karan Yadav,37,Female,63529.31,27146.79,9,2026-08-08,2549.41,46.36,Home & Kitchen,6.0
CUST00509,Rahul Tiwari,20,Female,84211.14,5821.36,7,2026-07-18,884.94,41.79,Books,8.0
CUST00510,Pooja Chauhan,18,Male,40586.25,9803.08,5,2026-05-19,2964.55,46.54,Home & Kitchen,6.0
CUST00511,Ayush Jaiswal,45,Male,78034.58,10565.47,6,2026-07-22,2236.55,25.16,Sports,7.0
CUST00512,Rohan Agarwal,18,Male,20172.21,15083.42,8,2026-07-14,1886.35,15.4,Home & Kitchen,8.0
CUST00513,Rohan Malhotra,31,Female,73163.01,78092.61,15,2026-05-22,3924.58,25.6,Beauty,5.0
CUST00514,Kavya Mishra,33,Male,26424.29,8357.3,5,2026-06-06,1437.27,55.95,Fashion,3.0
CUST00515,Vikas Shukla,44,Female,39457.67,10177.37,7,2026-07-02,1866.78,22.84,Books,8.0
CUST00516,Tanvi Singh,18,Male,55354.2,13882.77,8,2026-06-30,1706.74,48.63,Books,8.0
CUST00517,Manish Kumar,42,Male,41322.42,18688.31,7,2026-07-19,2252.89,2.55,Books,7.0
CUST00518,Ananya Sharma,31,Male,33039.53,2784.07,5,2026-07-29,798.21,3.64,Fashion,8.0
CUST00519,Riya Malhotra,25,Female,37865.98,8995.26,5,2026-08-08,1974.29,3.09,Books,6.0
CUST00520,Pooja Shukla,48,Female,30209.96,9916.99,9,2026-04-01,1666.97,24.1,Beauty,9.0
CUST00521,Shreya Pandey,35,Male,28977.84,12877.82,12,2026-07-14,1621.79,16.52,Sports,7.0
CUST00522,Tanvi Chauhan,31,Female,35425.03,6129.27,4,2026-08-05,2314.68,53.72,Fashion,8.0
CUST00523,Nikhil Kumar,18,Male,46009.68,20776.41,9,2026-07-24,1785.88,0.0,Fashion,8.0
CUST00524,Diya Srivastava,25,Male,39854.35,29826.29,11,2026-07-06,2501.72,30.01,Home & Kitchen,5.0
CUST00525,Krishna Mehta,31,Female,37156.88,13473.19,9,2026-05-07,2122.49,55.02,Sports,9.0
CUST00526,Ayush Sinha,39,Male,57280.93,28948.82,7,2026-07-17,3078.96,14.1,Books,9.0
CUST00527,Varun Verma,27,Male,48422.42,25328.03,14,2026-05-13,1633.37,16.56,Electronics,7.0
CUST00528,Pooja Malhotra,27,Female,35620.95,12273.85,9,2026-08-08,1489.66,53.16,Electronics,7.0
CUST00529,Aditya Malhotra,39,Male,40620.87,18757.94,11,2026-06-24,1493.24,51.44,Beauty,6.0
CUST00530,Varun Gupta,40,Female,39641.73,8188.53,4,2026-08-08,1956.92,59.04,Sports,7.0
CUST00531,Vikas Malhotra,18,Male,61169.65,15671.78,7,2026-07-13,2761.13,46.06,Home & Kitchen,9.0
CUST00532,Sakshi Pandey,46,Male,39067.39,27150.08,7,2026-07-29,2990.63,27.49,Sports,5.0
CUST00533,Varun Agarwal,18,Male,75692.81,24393.45,7,2026-07-04,4493.31,32.77,Electronics,6.0
CUST00534,Sneha Jaiswal,37,Male,62141.99,10784.62,5,2026-07-06,2033.06,43.85,Electronics,6.0
CUST00535,Ayush Jaiswal,27,Female,54594.21,16322.76,6,2026-07-27,3562.14,17.98,Books,7.0
CUST00536,Shreya Kumar,29,Female,54150.86,24327.86,11,2026-07-25,2407.36,52.0,Books,8.0
CUST00537,Kavya Verma,24,Male,101811.48,25265.21,13,2026-08-01,1942.4,17.02,Electronics,6.0
CUST00538,Aditya Agarwal,39,Female,18000.0,7998.57,7,2026-07-09,1406.34,35.5,Sports,6.0
CUST00539,Karan Sharma,20,Female,54307.75,27507.28,7,2026-08-01,2958.5,36.1,Books,8.0
CUST00540,Meera Malhotra,37,Female,39341.06,11192.64,6,2026-08-03,1556.5,21.27,Fashion,8.0
CUST00541,Krishna Chauhan,28,Female,63758.44,22556.34,8,2026-07-15,2718.61,20.66,Fashion,6.0
CUST00542,Riya Sinha,29,Female,27283.59,13326.46,9,2026-07-17,2085.56,30.0,Fashion,6.0
CUST00543,Ananya Jaiswal,28,Male,68469.69,17777.18,8,2026-07-23,3141.17,8.37,Books,5.0
CUST00544,Karan Srivastava,25,Male,28306.8,7706.58,7,2026-07-28,942.78,57.33,Electronics,7.0
CUST00545,Isha Mehta,34,Male,46890.13,7017.87,5,2026-08-04,2147.33,74.09,Home & Kitchen,9.0
CUST00546,Aditya Mishra,42,Female,81400.0,13283.35,7,2026-07-19,2629.88,29.46,Beauty,6.0
CUST00547,Nikhil Chauhan,35,Female,23854.58,21117.41,8,2026-02-13,2538.42,24.45,Electronics,7.0
CUST00548,Pooja Singh,31,Male,36799.15,17342.83,15,2026-05-22,1622.19,79.88,Sports,3.0
CUST00549,Aarav Sinha,50,Female,21344.05,9895.54,7,2026-08-01,1126.77,24.36,Beauty,8.0
CUST00550,Shreya Shukla,46,Female,32410.0,35463.59,13,2026-07-23,2282.02,0.0,Fashion,8.0
CUST00551,Ankit Kumar,40,Male,53079.52,20134.48,6,2026-06-11,2970.42,69.59,Home & Kitchen,6.0
CUST00552,Ananya Singh,33,Female,49330.64,9870.3,7,2026-06-25,1682.86,49.64,Fashion,8.0
CUST00553,Isha Malhotra,29,Female,44926.93,10831.08,9,2026-02-19,1427.29,36.13,Electronics,7.0
CUST00554,Ayush Malhotra,39,Female,35789.35,21467.85,8,2026-05-09,3248.02,9.84,Sports,8.0
CUST00555,Ananya Sinha,18,Male,41472.56,17911.41,10,2026-05-17,1845.58,41.35,Electronics,6.0
CUST00556,Riya Jaiswal,38,Female,36457.21,11421.14,8,2026-07-23,1617.63,23.76,Home & Kitchen,7.0
CUST00557,Tanvi Kumar,37,Female,46383.14,17136.97,10,2026-08-03,1937.88,35.11,Home & Kitchen,7.0
CUST00558,Sameer Yadav,36,Female,57834.32,7019.47,10,2026-02-15,654.65,29.25,Beauty,6.0
CUST00559,Krishna Agarwal,36,Female,24275.67,10479.19,7,2026-07-02,1933.28,47.07,Home & Kitchen,6.0
CUST00560,Suraj Tiwari,41,Female,32380.56,28592.65,9,2026-01-29,2393.31,83.53,Home & Kitchen,6.0
CUST00561,Suraj Jaiswal,31,Female,69288.62,27887.7,14,2026-06-27,2354.0,0.0,Home & Kitchen,5.0
CUST00562,Arjun Shukla,28,Male,44636.28,30627.54,9,2026-04-10,2612.82,33.85,Fashion,7.0
CUST00563,Meera Yadav,46,Male,72072.19,34749.21,11,2026-07-30,2398.46,27.95,Beauty,8.0
CUST00564,Aditya Chauhan,26,Female,42068.53,19233.8,7,2026-03-31,2230.45,49.38,Books,9.0
CUST00565,Isha Tiwari,50,Female,25734.42,12418.8,9,2026-07-23,1846.16,33.67,Home & Kitchen,8.0
CUST00566,Suraj Jaiswal,32,Male,48163.05,22015.51,11,2026-08-08,1739.35,19.5,Electronics,9.0
CUST00567,Neha Jaiswal,31,Female,28959.6,18148.16,11,2026-07-24,1228.02,49.08,Sports,6.0
CUST00568,Suraj Srivastava,42,Female,32943.15,14796.41,8,2026-07-25,1794.72,20.5,Books,6.0
CUST00569,Ayush Srivastava,34,Male,18472.97,8224.44,6,2026-04-03,1886.62,19.54,Fashion,6.0
CUST00570,Rohan Jaiswal,34,Male,54917.38,38134.52,13,2026-05-17,2809.11,34.27,Home & Kitchen,5.0
CUST00571,Akash Pandey,47,Female,45057.2,7235.59,6,2026-07-04,1665.28,63.39,Fashion,9.0
CUST00572,Krishna Mehta,20,Male,29900.27,29337.33,12,2026-06-25,2541.23,9.28,Books,6.0
CUST00573,Aarav Malhotra,49,Male,36314.96,17841.31,10,2026-08-06,2001.32,41.28,Electronics,7.0
CUST00574,Aditya Gupta,36,Female,48830.12,24351.98,12,2026-06-17,2156.15,32.8,Books,7.0
CUST00575,Karan Mehta,40,Male,39873.12,10306.47,4,2026-04-22,2882.67,36.95,Fashion,6.0
CUST00576,Akash Mehta,18,Female,58974.86,10881.11,5,2026-08-08,2434.77,17.07,Books,3.0
CUST00577,Isha Verma,21,Female,70483.31,8939.24,6,2026-06-20,1706.15,35.6,Books,6.0
CUST00578,Karan Gupta,34,Male,31330.77,17965.67,13,2026-06-16,2075.63,25.84,Books,7.0
CUST00579,Shreya Tiwari,22,Male,27569.92,6017.98,3,2026-08-05,1541.95,45.75,Sports,6.0
CUST00580,Karan Shukla,19,Male,33773.91,19744.49,9,2026-06-22,2116.91,53.96,Beauty,6.0
CUST00581,Krishna Mishra,43,Female,26909.53,15616.61,10,2026-04-19,1922.52,40.91,Fashion,6.0
CUST00582,Shreya Yadav,37,Female,64352.08,6769.76,5,2026-08-08,1460.72,35.45,Beauty,4.0
CUST00583,Sameer Yadav,22,Female,35414.71,12823.32,12,2026-08-02,1158.78,50.76,Fashion,9.0
CUST00584,Suraj Singh,53,Female,48910.31,23379.6,10,2026-08-05,1987.0,54.55,Sports,7.0
CUST00585,Pooja Mishra,41,Male,36992.82,15999.29,7,2026-07-22,1889.48,0.0,Home & Kitchen,7.0
CUST00586,Akash Pandey,27,Female,82921.52,24710.85,9,2026-05-02,3484.54,58.08,Books,5.0
CUST00587,Rohan Agarwal,43,Female,44048.11,3805.14,3,2026-06-14,1244.24,12.43,Sports,6.0
CUST00588,Rahul Gupta,23,Female,26524.71,18667.09,8,2026-07-27,2164.72,22.2,Home & Kitchen,9.0
CUST00589,Riya Mishra,31,Female,18000.0,12797.77,5,2026-06-04,2061.06,27.6,Books,7.0
CUST00590,Rahul Singh,44,Female,59762.95,26495.77,11,2026-07-19,1862.77,63.94,Books,6.0
CUST00591,Ayush Sinha,40,Male,20700.75,5209.64,5,2026-07-31,1198.68,54.17,Electronics,6.0
CUST00592,Ananya Rai,31,Male,49313.6,2187.15,8,2026-07-29,300.0,25.11,Beauty,6.0
CUST00593,Rahul Jaiswal,56,Female,64861.22,23508.59,7,2026-08-07,3146.02,17.93,Beauty,8.0
CUST00594,Pooja Mishra,23,Male,39935.55,21903.75,7,2026-08-08,3158.58,37.01,Sports,4.0
CUST00595,Ananya Mishra,40,Male,34590.83,28826.93,11,2026-07-06,2639.77,18.21,Home & Kitchen,8.0
CUST00596,Varun Srivastava,37,Female,60759.89,5873.64,3,2026-07-04,1806.85,0.0,Electronics,6.0
CUST00597,Tanvi Jaiswal,35,Female,38929.53,12522.38,6,2026-07-13,2799.27,50.18,Sports,8.0
CUST00598,Neha Chauhan,40,Female,35420.9,18781.67,8,2026-06-18,2507.18,12.37,Books,8.0
CUST00599,Aditya Sharma,26,Female,69393.69,11340.48,6,2026-01-06,1905.15,18.77,Fashion,7.0
CUST00600,Ayush Shukla,20,Female,39683.82,16239.71,10,2026-07-18,2413.44,4.07,Home & Kitchen,9.0
CUST00601,Rahul Malhotra,35,Male,47806.74,14086.49,5,2026-08-08,2354.58,1.56,Sports,7.0
CUST00602,Diya Shukla,18,Male,62265.47,34247.55,13,2026-06-03,2506.83,24.35,Home & Kitchen,8.0
CUST00603,Meera Shukla,32,Male,46933.96,35369.69,11,2026-07-17,2720.32,58.33,Fashion,8.0
CUST00604,Tanvi Tiwari,23,Female,51747.61,19928.76,11,2026-07-11,2510.36,56.46,Home & Kitchen,7.0
CUST00605,Kavya Singh,33,Male,31037.24,8368.16,7,2026-04-23,1239.05,28.6,Beauty,6.0
CUST00606,Ayush Yadav,24,Male,20431.8,9944.27,4,2026-07-16,2083.98,43.56,Books,9.0
CUST00607,Riya Chauhan,18,Female,68451.48,28801.46,8,2026-06-12,2873.86,52.07,Fashion,7.0
CUST00608,Tanvi Yadav,27,Male,67572.46,10096.97,3,2026-07-18,2806.13,51.38,Electronics,7.0
CUST00609,Riya Shukla,37,Female,39276.42,6750.24,6,2026-05-10,1100.18,25.0,Fashion,9.0
CUST00610,Isha Sinha,45,Female,29697.12,20024.11,7,2026-07-12,2142.28,21.99,Sports,6.0
CUST00611,Nikhil Gupta,39,Female,52411.1,8814.9,4,2026-07-22,1673.7,17.9,Fashion,7.0
CUST00612,Diya Kumar,18,Female,57830.78,5514.56,8,2026-07-11,533.06,65.54,Books,9.0
CUST00613,Sameer Agarwal,27,Male,170050.07,14197.29,5,2026-07-31,3442.71,21.23,Fashion,9.0
CUST00614,Rahul Pandey,31,Female,47274.11,20500.88,8,2026-07-23,2581.66,30.85,Books,9.0
CUST00615,Aditya Singh,43,Female,42013.06,13720.7,8,2026-05-11,1879.3,83.12,Beauty,7.0
CUST00616,Vikas Srivastava,29,Female,62804.47,20024.43,6,2026-07-27,2937.1,27.62,Beauty,7.0
CUST00617,Aarav Singh,25,Female,54746.05,23638.27,10,2026-08-05,2688.91,0.07,Books,7.0
CUST00618,Sameer Srivastava,18,Female,58321.16,3565.59,1,2026-04-26,3258.07,31.51,Electronics,9.0
CUST00619,Manish Yadav,38,Female,18000.0,5014.46,6,2026-08-02,1041.45,43.9,Beauty,8.0
CUST00620,Isha Agarwal,42,Female,44826.79,26204.06,9,2026-07-04,3323.68,36.2,Sports,7.0
CUST00621,Neha Agarwal,31,Male,117196.18,17017.04,6,2026-05-17,2710.67,13.73,Books,6.0
CUST00622,Rohan Mehta,42,Male,91019.48,17077.14,8,2026-08-01,3129.24,0.0,Electronics,7.0
CUST00623,Ankit Mehta,31,Male,103795.25,16316.95,4,2026-06-13,3136.42,29.11,Beauty,8.0
CUST00624,Manish Yadav,31,Male,92737.87,22298.96,5,2026-07-03,3317.59,41.54,Books,6.0
CUST00625,Isha Mishra,27,Male,45472.6,30563.36,12,2026-07-29,2009.42,61.9,Home & Kitchen,7.0
CUST00626,Diya Singh,30,Male,48488.64,30795.03,9,2026-07-28,3087.56,35.84,Home & Kitchen,5.0
CUST00627,Rohan Sinha,28,Male,87192.96,13094.76,11,2026-08-08,1734.69,53.92,Books,6.0
CUST00628,Aditya Gupta,35,Male,48030.84,14298.61,6,2026-06-01,2507.31,26.53,Electronics,6.0
CUST00629,Ananya Tiwari,34,Male,45593.62,23711.09,8,2026-03-12,3012.8,53.51,Sports,9.0
CUST00630,Sameer Agarwal,35,Female,33899.41,18105.99,11,2026-07-23,2507.23,32.46,Electronics,5.0
CUST00631,Neha Singh,35,Female,35086.23,11722.32,4,2026-08-08,2580.14,,Fashion,7.0
CUST00632,Suraj Gupta,55,Female,74538.89,18816.88,8,2026-08-05,3301.06,42.14,Electronics,7.0
CUST00633,Isha Kumar,31,Female,64115.71,15215.85,9,2026-06-27,1863.4,31.81,Beauty,7.0
CUST00634,Sakshi Kumar,21,Male,40860.59,34866.78,9,2026-07-28,3524.77,44.36,Electronics,7.0
CUST00635,Ankit Mehta,29,Male,57714.26,12855.39,9,2026-03-22,1325.98,41.93,Home & Kitchen,6.0
CUST00636,Ananya Chauhan,18,Male,43345.87,10509.34,8,2026-08-03,1205.58,53.53,Sports,6.0
CUST00637,Aditya Gupta,22,Female,48606.34,29038.38,12,2026-08-05,1932.84,60.28,Fashion,8.0
CUST00638,Krishna Srivastava,34,Male,74797.78,28874.16,12,2026-07-27,2264.21,48.65,Beauty,8.0
CUST00639,Ayush Pandey,29,Female,39464.48,26584.02,13,2026-07-31,1698.79,25.1,Books,8.0
CUST00640,Riya Sinha,18,Male,27310.48,18913.86,10,2026-07-23,2296.16,78.34,Books,5.0
CUST00641,Sakshi Sinha,36,Male,54298.13,12819.31,5,2026-04-24,2061.77,78.71,Fashion,5.0
CUST00642,Isha Verma,23,Male,18000.0,40173.78,17,2026-07-07,2013.79,31.99,Fashion,7.0
CUST00643,Ayush Malhotra,62,Female,60139.87,20893.24,11,2026-07-25,2064.28,69.37,Books,7.0
CUST00644,Aarav Srivastava,26,Male,24866.14,7966.27,5,2026-07-23,1562.32,38.43,Home & Kitchen,8.0
CUST00645,Tanvi Chauhan,27,Male,37240.21,7415.19,5,2026-05-30,1610.62,57.71,Home & Kitchen,5.0
CUST00646,Sneha Singh,18,Male,101610.29,27357.84,8,2026-07-06,2888.51,52.65,Electronics,8.0
CUST00647,Arjun Verma,39,Male,52505.94,11341.57,6,2026-03-25,2865.53,50.96,Electronics,7.0
CUST00648,Rohan Rai,26,Female,19387.3,11931.28,8,2026-07-15,1484.54,18.49,Beauty,6.0
CUST00649,Aditya Shukla,44,Female,19120.81,25713.03,9,2026-07-15,2503.36,44.23,Sports,7.0
CUST00650,Isha Singh,38,Male,70553.12,30267.28,13,2026-06-03,2757.85,27.47,Sports,7.0
CUST00651,Ananya Shukla,20,Male,97657.46,34126.12,8,2026-07-17,3202.48,40.14,Home & Kitchen,8.0
CUST00652,Sneha Singh,21,Female,52480.59,28506.08,10,2026-06-28,2687.97,7.71,Home & Kitchen,6.0
CUST00653,Varun Tiwari,40,Female,54336.36,29995.51,9,2026-07-27,2870.73,51.5,Electronics,8.0
CUST00654,Manish Gupta,33,Male,60135.8,21949.2,13,2026-07-12,2376.86,76.04,Beauty,4.0
CUST00655,Shreya Mishra,51,Male,24435.39,2891.56,2,2026-04-24,1668.52,40.9,Electronics,6.0
CUST00656,Sameer Sharma,26,Male,54261.42,26327.35,9,2026-08-06,2553.63,51.29,Fashion,6.0
CUST00657,Nikhil Rai,33,Female,48422.98,36189.9,8,2026-07-06,3434.59,59.97,Books,6.0
CUST00658,Ananya Pandey,34,Female,20131.13,10566.07,6,2026-07-29,2296.35,50.57,Books,5.0
CUST00659,Aarav Agarwal,41,Male,44825.09,31778.98,10,2026-07-11,2670.5,21.35,Beauty,6.0
CUST00660,Diya Singh,26,Female,55004.11,14054.71,7,2026-07-04,1974.84,73.25,Beauty,5.0
CUST00661,Aditi Malhotra,23,Female,53699.54,19621.96,7,2026-06-26,2782.14,22.33,Sports,5.0
CUST00662,Diya Gupta,41,Male,136961.07,13048.33,5,2026-05-30,2876.04,55.96,Sports,6.0
CUST00663,Nikhil Sharma,39,Male,44453.98,5318.5,4,2026-06-01,1641.75,60.77,Electronics,8.0
CUST00664,Neha Srivastava,27,Male,41328.37,12058.96,7,2026-07-20,2097.83,29.87,Beauty,6.0
CUST00665,Varun Verma,36,Male,82655.57,22736.24,11,2026-08-08,2666.07,73.53,Sports,5.0
CUST00666,Ayush Chauhan,33,Female,38464.14,14334.33,11,2026-05-03,1614.45,40.34,Books,8.0
CUST00667,Aditya Srivastava,18,Female,44721.68,14138.38,10,2026-03-05,1683.38,35.27,Electronics,4.0
CUST00668,Suraj Rai,35,Male,47967.37,13107.22,9,2026-07-08,1877.86,64.1,Electronics,5.0
CUST00669,Meera Sinha,29,Female,47216.53,9810.38,7,2026-07-24,2007.14,28.78,Home & Kitchen,10.0
CUST00670,Meera Sharma,35,Female,58452.49,13317.39,6,2026-05-02,3124.08,12.34,Home & Kitchen,8.0
CUST00671,Suraj Sinha,31,Male,28563.63,11367.1,7,2026-07-02,1901.23,58.81,Books,5.0
CUST00672,Rahul Malhotra,27,Male,37783.26,12205.06,4,2026-07-24,3130.31,65.31,Fashion,8.0
CUST00673,Yash Chauhan,21,Male,24994.85,9867.04,7,2026-06-16,1866.01,56.06,Electronics,8.0
CUST00674,Rohan Sharma,33,Male,49686.46,7319.98,7,2026-07-28,1016.16,46.26,Home & Kitchen,7.0
CUST00675,Krishna Sinha,42,Male,64689.04,41474.89,11,2026-06-28,3191.91,60.47,Electronics,7.0
CUST00676,Ayush Chauhan,42,Male,38023.62,22594.71,8,2026-05-07,2766.6,37.97,Beauty,7.0
CUST00677,Ananya Pandey,21,Male,82542.0,71797.58,13,2026-08-02,4150.08,7.0,Electronics,9.0
CUST00678,Vikas Rai,30,Male,64973.46,40895.41,11,2026-08-01,2871.1,6.86,Beauty,5.0
CUST00679,Shreya Singh,41,Female,57237.87,23778.72,10,2026-07-06,2449.09,0.0,Sports,8.0
CUST00680,Rohan Jaiswal,29,Male,36204.96,16679.37,8,2026-07-18,2077.03,64.44,Electronics,8.0
CUST00681,Ananya Tiwari,33,Male,66050.78,21501.03,8,2026-01-17,2815.78,50.42,Home & Kitchen,8.0
CUST00682,Yash Jaiswal,28,Female,33016.29,29448.71,8,2026-05-07,2955.18,72.15,Books,4.0
CUST00683,Diya Tiwari,32,Female,63002.07,15364.11,6,2026-07-18,2934.41,45.29,Electronics,8.0
CUST00684,Sneha Gupta,30,Male,31869.29,24505.2,12,2026-07-21,2740.05,27.71,Fashion,9.0
CUST00685,Meera Agarwal,32,Male,39178.05,17314.37,9,2026-07-23,2514.59,47.7,Beauty,6.0
CUST00686,Sneha Yadav,32,Male,42953.06,13081.29,10,2026-05-30,1276.04,44.69,,7.0
CUST00687,Varun Gupta,47,Female,65407.32,12562.42,7,2026-07-27,1841.89,41.16,Electronics,6.0
CUST00688,Isha Verma,40,Male,60957.21,23306.3,8,2026-06-15,2397.14,14.76,Fashion,6.0
CUST00689,Sameer Tiwari,28,Female,46847.71,12683.23,7,2026-07-16,2403.59,,Home & Kitchen,9.0
CUST00690,Sakshi Sinha,26,Female,82987.3,19759.47,8,2026-08-01,2446.88,44.27,Home & Kitchen,6.0
CUST00691,Krishna Mehta,20,Male,38641.62,20127.73,11,2026-07-26,2723.89,29.85,Sports,6.0
CUST00692,Akash Kumar,22,Male,26757.29,17034.33,7,2026-08-03,3397.25,15.47,Electronics,7.0
CUST00693,Sneha Tiwari,22,Male,28566.73,8071.39,6,2026-03-30,1940.7,40.64,Fashion,6.0
CUST00694,Kavya Singh,18,Male,60691.81,17059.01,4,2026-06-21,3476.97,13.25,Sports,7.0
CUST00695,Aditya Sharma,28,Female,23411.03,8987.66,3,2026-08-06,2318.44,19.99,Electronics,7.0
CUST00696,Meera Kumar,23,Male,58811.62,27183.01,9,2026-07-14,2356.42,32.09,Electronics,7.0
CUST00697,Meera Verma,25,Female,55908.39,11032.85,7,2026-03-26,2142.14,53.12,Fashion,7.0
CUST00698,Krishna Malhotra,29,Female,59884.89,17085.87,10,2026-02-11,1394.56,23.74,Electronics,9.0
CUST00699,Ankit Srivastava,37,Female,40115.89,29131.39,10,2026-06-18,2582.0,63.49,Fashion,6.0
CUST00700,Meera Kumar,18,Male,43971.93,9712.95,5,2026-07-23,2305.78,50.31,Electronics,8.0
CUST00701,Neha Chauhan,21,Male,47438.4,17863.39,9,2026-08-05,1799.32,32.15,Sports,5.0
CUST00702,Diya Jaiswal,25,Female,40638.81,18281.42,10,2026-06-26,2639.21,7.26,Fashion,7.0
CUST00703,Vikas Rai,31,Female,52991.58,26734.65,13,2026-08-08,2604.43,12.43,Fashion,7.0
CUST00704,Suraj Srivastava,31,Male,41074.83,17505.88,8,2026-07-30,1629.87,43.01,Beauty,6.0
CUST00705,Rahul Rai,47,Female,34206.43,8329.77,9,2026-07-17,1038.96,13.91,Home & Kitchen,7.0
CUST00706,Aarav Agarwal,46,Female,41616.49,16199.73,8,2026-07-22,2412.67,41.82,Sports,8.0
CUST00707,Suraj Pandey,42,Male,47571.08,12918.07,7,2026-07-19,2752.28,62.56,Electronics,7.0
CUST00708,Sneha Tiwari,25,Female,54015.17,5884.94,2,2026-08-04,2883.07,65.65,Fashion,7.0
CUST00709,Ayush Pandey,33,Male,76536.04,24816.66,12,2026-07-14,2511.3,62.55,Sports,7.0
CUST00710,Ayush Jaiswal,18,Male,45808.65,38216.47,12,2026-05-27,2687.89,31.14,Home & Kitchen,8.0
CUST00711,Rahul Agarwal,23,Male,44141.95,12385.61,6,2026-06-19,2669.53,39.64,Books,7.0
CUST00712,Aarav Srivastava,32,Female,54165.18,27850.61,10,2026-07-08,2159.32,40.45,Sports,7.0
CUST00713,Arjun Malhotra,29,Male,36757.75,25297.36,9,2026-07-28,2691.9,30.43,Sports,7.0
CUST00714,Aditi Singh,31,Female,20554.77,5240.54,3,2026-07-22,2260.15,33.22,Electronics,9.0
CUST00715,Aarav Rai,38,Male,41692.12,22319.59,14,2026-08-08,1488.34,0.9,Beauty,6.0
CUST00716,Riya Yadav,42,Male,31763.15,31176.45,16,2026-07-29,2208.68,17.0,Fashion,6.0
CUST00717,Yash Agarwal,25,Female,27878.12,19568.38,8,2026-07-23,2123.57,32.35,Electronics,5.0
CUST00718,Sameer Kumar,40,Male,85890.29,17521.15,8,2026-08-02,2907.02,29.01,Electronics,6.0
CUST00719,Kavya Jaiswal,36,Female,47347.1,18810.95,9,2026-07-24,1580.55,51.85,Sports,10.0
CUST00720,Karan Kumar,29,Male,18648.01,13095.22,5,2026-07-14,2957.39,30.06,Fashion,4.0
CUST00721,Neha Agarwal,39,Female,85743.62,29416.63,9,2026-05-14,2714.06,14.84,Fashion,6.0
CUST00722,Rahul Mishra,38,Female,48482.3,5206.7,10,2026-07-29,645.78,29.35,Beauty,6.0
CUST00723,Isha Kumar,33,Female,27491.54,41994.55,13,2026-07-29,2775.7,33.28,Fashion,5.0
CUST00724,Rahul Jaiswal,31,Male,26040.45,16653.98,7,2026-07-08,1810.4,25.28,Sports,6.0
CUST00725,Karan Tiwari,18,Male,52201.23,27592.78,11,2026-06-04,3226.46,30.76,Books,7.0
CUST00726,Ananya Agarwal,39,Male,48387.03,6726.62,3,2026-06-21,1717.27,53.58,Books,7.0
CUST00727,Karan Mishra,37,Male,38202.67,14149.38,9,2026-08-06,1925.25,41.18,Books,7.0
CUST00728,Sakshi Agarwal,30,Male,21089.6,16656.46,10,2026-07-28,1359.53,23.2,Beauty,7.0
CUST00729,Ayush Singh,36,Male,19908.57,7327.72,5,2026-04-30,1753.78,31.44,Home & Kitchen,6.0
CUST00730,Shreya Sharma,35,Female,31005.72,31178.42,8,2026-07-29,3245.28,41.76,Electronics,7.0
CUST00731,Manish Mishra,38,Female,37160.14,1090.63,1,2026-06-18,1139.93,30.85,Beauty,6.0
CUST00732,Kavya Shukla,33,Female,37587.69,9220.24,5,2026-05-13,1455.17,27.81,Beauty,6.0
CUST00733,Suraj Tiwari,20,Male,29680.69,23366.92,13,2026-07-05,1461.15,22.75,Fashion,8.0
CUST00734,Varun Verma,30,Female,39314.35,10694.63,8,2026-08-03,1905.41,0.0,Home & Kitchen,7.0
CUST00735,Akash Singh,32,Male,41517.09,15043.68,7,2026-07-23,2461.45,31.67,Home & Kitchen,6.0
CUST00736,Ankit Singh,34,Male,62944.52,29806.96,12,2026-08-06,1953.45,27.88,Sports,7.0
CUST00737,Riya Malhotra,44,Male,19209.33,17304.17,9,2026-05-07,2168.69,66.82,Books,5.0
CUST00738,Rohan Mishra,34,Male,48265.35,28855.74,10,2026-06-23,3031.3,16.48,Sports,5.0
CUST00739,Akash Agarwal,39,Female,64401.81,9467.34,14,2026-08-02,889.82,14.6,Fashion,7.0
CUST00740,Pooja Shukla,36,Male,40441.77,11077.06,5,2026-07-03,2365.64,52.38,Home & Kitchen,5.0
CUST00741,Akash Verma,40,Female,117866.89,16583.03,6,2026-06-22,3220.58,46.44,Beauty,5.0
CUST00742,Kavya Sharma,26,Female,64155.47,11334.39,7,2026-05-31,2137.52,63.17,Beauty,7.0
CUST00743,Sakshi Malhotra,25,Male,77267.32,31706.74,11,2026-06-28,3366.6,20.84,Fashion,8.0
CUST00744,Ankit Sinha,32,Male,28455.64,4850.77,3,2026-07-15,2420.49,27.48,Electronics,6.0
CUST00745,Isha Jaiswal,21,Female,43576.72,7604.91,4,2026-07-19,1532.46,28.23,Beauty,8.0
CUST00746,Diya Singh,51,Female,32479.33,18954.33,11,2026-08-04,1349.97,27.9,Books,10.0
CUST00747,Vikas Jaiswal,37,Female,38335.07,15898.93,9,2026-07-24,2266.5,47.71,Home & Kitchen,9.0
CUST00748,Diya Mehta,29,Male,35383.89,9354.81,6,2026-07-21,1620.65,38.64,Beauty,8.0
CUST00749,Diya Verma,37,Female,24218.93,21935.69,9,2026-07-11,3015.08,33.45,Fashion,6.0
CUST00750,Kavya Shukla,29,Male,20629.69,15970.91,10,2026-03-05,2249.44,31.77,Beauty,7.0
CUST00751,Tanvi Jaiswal,42,Male,60153.05,31395.5,13,2026-06-28,2327.7,27.35,Sports,6.0
CUST00752,Sakshi Malhotra,42,Female,85318.85,32445.37,11,2026-07-17,2224.52,34.35,Sports,7.0
CUST00753,Aditya Jaiswal,31,Male,50613.72,18995.19,9,2026-07-09,2146.24,43.93,Books,8.0
CUST00754,Vikas Rai,45,Male,26871.31,14736.55,5,2026-03-06,2942.98,33.7,Sports,7.0
CUST00755,Sneha Mehta,34,Male,27457.34,16766.05,11,2026-05-31,2075.99,7.5,Fashion,8.0
CUST00756,Suraj Yadav,23,Male,26378.32,11453.78,7,2026-07-23,1229.79,26.3,Fashion,8.0
CUST00757,Sakshi Chauhan,18,Male,48270.4,18669.91,8,2026-07-21,2466.01,29.07,Fashion,8.0
CUST00758,Diya Agarwal,27,Male,41898.33,20663.52,9,2026-07-13,1860.76,0.0,Books,7.0
CUST00759,Pooja Jaiswal,37,Male,31608.85,19122.56,12,2026-07-17,2241.53,68.53,Sports,6.0
CUST00760,Nikhil Mehta,35,Female,84301.42,36044.78,10,2026-07-27,2884.42,38.15,Electronics,8.0
CUST00761,Ananya Kumar,31,Female,58429.73,12174.76,7,2025-10-26,2386.58,30.6,Sports,5.0
CUST00762,Rahul Gupta,41,Male,50657.26,13302.75,4,2026-07-25,2563.25,0.0,Home & Kitchen,6.0
CUST00763,Diya Jaiswal,36,Female,33060.29,16859.07,9,2026-06-19,1481.37,10.55,Books,5.0
CUST00764,Neha Verma,26,Female,23462.48,9626.69,6,2026-07-29,1527.44,22.22,Fashion,7.0
CUST00765,Riya Jaiswal,37,Female,57309.31,15472.24,6,2026-05-28,2766.61,44.45,Electronics,5.0
CUST00766,Karan Tiwari,45,Female,36990.85,30975.22,9,2026-07-17,2704.24,43.61,Electronics,8.0
CUST00767,Vikas Srivastava,32,Female,39768.79,1835.99,1,2026-07-31,1418.21,43.95,Electronics,6.0
CUST00768,Isha Sinha,33,Female,30294.11,13271.3,6,2026-06-29,1809.8,26.13,Home & Kitchen,7.0
CUST00769,Sakshi Gupta,41,Female,82566.8,45793.28,12,2026-07-19,3051.02,40.8,Fashion,8.0
CUST00770,Shreya Mehta,40,Male,46830.72,9521.29,6,2026-07-18,1844.49,35.93,Home & Kitchen,6.0
CUST00771,Riya Singh,33,Female,49980.76,43839.44,11,2026-07-04,3435.22,0.0,Fashion,7.0
CUST00772,Tanvi Chauhan,18,Female,18000.0,11353.5,9,2026-08-06,1580.88,40.08,Books,8.0
CUST00773,Varun Srivastava,44,Female,62521.38,29144.22,10,2026-06-13,2466.41,20.43,Electronics,8.0
CUST00774,Sameer Rai,23,Male,37708.36,22996.83,11,2026-07-13,3004.06,23.64,Beauty,6.0
CUST00775,Nikhil Sharma,23,Male,31355.15,11924.3,6,2026-07-21,1661.19,74.85,Fashion,7.0
CUST00776,Arjun Verma,37,Male,32685.19,7304.09,3,2026-07-25,1928.28,58.94,Fashion,6.0
CUST00777,Yash Srivastava,39,Male,64688.82,33458.32,10,2026-07-08,3451.04,47.08,Books,8.0
CUST00778,Tanvi Mehta,39,Male,27613.94,17437.96,9,2026-07-23,2301.72,30.91,Sports,9.0
CUST00779,Akash Sharma,29,Female,38529.6,11039.83,5,2026-07-04,2016.8,37.49,Fashion,7.0
CUST00780,Meera Mishra,37,Female,49903.04,18461.38,6,2026-04-16,3101.24,44.56,Beauty,5.0
CUST00781,Tanvi Pandey,39,Female,75839.93,14778.58,7,2026-08-03,2369.57,33.42,Books,8.0
CUST00782,Krishna Verma,36,Male,67036.71,19272.94,10,2026-06-28,2268.61,62.22,Fashion,6.0
CUST00783,Rohan Tiwari,28,Male,26566.93,33516.98,9,2026-08-08,2979.34,39.01,Books,7.0
CUST00784,Manish Rai,35,Male,23888.04,12003.53,10,2026-05-25,1431.79,29.38,Electronics,7.0
CUST00785,Ananya Mishra,27,Male,59642.9,15928.41,6,2026-08-02,2703.76,0.0,Sports,6.0
CUST00786,Riya Sinha,33,Male,59332.62,8070.23,4,2026-07-19,2501.19,13.95,Books,6.0
CUST00787,Krishna Srivastava,18,Female,32359.97,19041.48,9,2026-05-05,2234.92,33.29,Beauty,7.0
CUST00788,Isha Rai,24,Female,36111.03,10000.29,10,2026-06-03,1245.76,45.65,Sports,4.0
CUST00789,Aarav Rai,22,Female,35210.26,30652.6,11,2026-07-04,2631.0,47.38,Books,5.0
CUST00790,Riya Sinha,31,Female,39752.69,16775.92,9,2026-05-26,1787.11,64.09,Home & Kitchen,9.0
CUST00791,Karan Pandey,34,Male,48842.2,18536.59,9,2026-07-15,2086.29,43.05,Books,7.0
CUST00792,Diya Sinha,38,Female,30379.11,10044.65,10,2026-07-26,801.62,24.34,Fashion,6.0
CUST00793,Ayush Verma,24,Male,66216.73,28807.52,8,2026-02-28,3557.87,22.08,Sports,6.0
CUST00794,Sakshi Kumar,38,Female,36700.16,13277.15,10,2026-07-31,1193.59,45.56,Books,6.0
CUST00795,Isha Pandey,23,Male,44870.35,15134.19,6,2026-08-06,2274.9,52.9,Beauty,6.0
CUST00796,Aditi Yadav,24,Female,47656.34,9266.37,4,2026-08-08,2513.14,32.04,Home & Kitchen,7.0
CUST00797,Rohan Malhotra,34,Male,24891.1,26390.67,14,2026-07-24,1667.56,19.98,Books,6.0
CUST00798,Varun Mishra,18,Female,53744.42,51073.46,14,2026-07-26,3629.52,36.98,Books,6.0
CUST00799,Neha Kumar,39,Male,33008.6,23886.78,11,2026-06-26,2537.87,36.23,Books,7.0
CUST00800,Pooja Mishra,41,Female,31298.92,6135.87,3,2026-06-17,1766.79,39.0,Books,7.0
CUST00801,Ayush Srivastava,20,Female,36978.78,12478.21,6,2026-07-30,1876.81,0.0,Fashion,6.0
CUST00802,Vikas Agarwal,26,Female,61897.44,22965.97,8,2026-07-22,3039.98,48.89,Home & Kitchen,10.0
CUST00803,Meera Gupta,37,Female,45419.76,10232.86,4,2026-06-16,2413.64,10.15,Beauty,8.0
CUST00804,Rahul Singh,22,Male,53641.71,11821.07,6,2026-08-04,1568.02,19.51,Beauty,7.0
CUST00805,Varun Jaiswal,32,Male,45238.61,7222.91,5,2026-08-07,1444.1,20.63,Sports,7.0
CUST00806,Varun Kumar,30,Female,127656.57,17346.52,5,2026-07-06,3693.99,71.23,Fashion,7.0
CUST00807,Rahul Mehta,18,Male,26215.57,14387.47,8,2026-07-09,2021.01,33.43,Fashion,6.0
CUST00808,Ankit Singh,37,Female,33431.41,17587.97,7,2026-05-23,2004.16,93.34,Beauty,7.0
CUST00809,Ankit Agarwal,39,Female,44543.78,8668.89,8,2026-06-21,992.57,27.26,Books,6.0
CUST00810,Diya Yadav,41,Male,51122.77,11916.81,8,2026-08-08,2280.12,59.85,Fashion,6.0
CUST00811,Sneha Singh,36,Male,48474.4,12070.57,8,2026-08-01,1519.91,60.01,Fashion,6.0
CUST00812,Krishna Chauhan,55,Female,36553.97,17801.22,5,2026-06-21,3256.0,18.61,Beauty,8.0
CUST00813,Pooja Yadav,37,Female,92917.95,17139.93,7,2026-07-23,3748.17,49.97,Books,9.0
CUST00814,Vikas Agarwal,35,Female,72977.45,28049.62,9,2026-07-05,2369.97,14.84,Sports,7.0
CUST00815,Aarav Tiwari,24,Male,79603.62,12555.4,11,2026-06-25,1722.76,31.54,Fashion,6.0
CUST00816,Akash Jaiswal,32,Female,42497.21,10216.69,9,2026-07-31,1307.12,39.57,Sports,7.0
CUST00817,Tanvi Verma,32,Female,18279.7,16702.35,9,2026-07-15,2419.85,71.87,Home & Kitchen,5.0
CUST00818,Nikhil Rai,33,Female,45756.46,2504.24,6,2026-07-19,430.66,14.21,Home & Kitchen,6.0
CUST00819,Ananya Agarwal,20,Female,22972.43,15484.71,8,2026-07-03,1522.19,79.23,Beauty,8.0
CUST00820,Ankit Jaiswal,37,Female,35746.72,22678.03,6,2026-05-03,3216.52,12.24,Electronics,6.0
CUST00821,Ananya Yadav,22,Male,156469.73,2459.84,1,2026-07-27,3048.04,0.0,Books,9.0
CUST00822,Ankit Gupta,20,Male,42220.8,9814.05,4,2026-08-06,2308.57,33.38,Home & Kitchen,8.0
CUST00823,Rohan Pandey,37,Male,35946.49,4852.0,9,2026-03-18,590.72,44.16,Sports,8.0
CUST00824,Aditi Gupta,25,Male,40477.71,40652.63,13,2026-08-08,2934.21,58.96,Books,6.0
CUST00825,Akash Chauhan,27,Male,26922.99,11311.82,9,2026-08-08,1838.16,0.0,Beauty,7.0
CUST00826,Diya Malhotra,26,Female,71766.83,5263.88,3,2026-07-28,2382.33,74.27,Books,7.0
CUST00827,Sakshi Sharma,42,Male,40600.46,8753.88,7,2026-06-22,1575.31,49.8,Home & Kitchen,9.0
CUST00828,Sakshi Rai,34,Female,68005.15,13677.64,9,2026-08-03,1365.24,5.46,Home & Kitchen,6.0
CUST00829,Vikas Gupta,33,Male,73461.17,17709.35,9,2026-05-29,2086.25,7.64,Sports,6.0
CUST00830,Suraj Gupta,39,Male,71743.12,14599.92,7,2026-05-26,2459.86,45.42,Beauty,4.0
CUST00831,Sneha Pandey,37,Male,34009.7,15636.56,5,2026-07-04,2905.61,1.54,Sports,5.0
CUST00832,Manish Sinha,18,Male,39722.47,8719.08,8,2026-06-20,1210.25,45.11,Fashion,7.0
CUST00833,Yash Yadav,37,Male,32247.0,6712.58,4,2026-07-16,1623.44,19.77,Books,4.0
CUST00834,Aarav Sharma,22,Female,21880.55,11834.0,6,2026-06-19,2237.67,27.9,Books,6.0
CUST00835,Tanvi Malhotra,28,Male,23047.18,20742.28,8,2026-07-25,2018.02,24.51,Fashion,
CUST00836,Aditya Gupta,41,Male,18000.0,8958.11,6,2026-05-17,1248.69,60.09,Home & Kitchen,8.0
CUST00837,Isha Pandey,29,Male,91163.38,37379.34,13,2026-07-20,2965.1,36.5,Beauty,5.0
CUST00838,Ankit Verma,27,Male,58648.68,8402.97,8,2026-03-01,1459.12,29.82,Home & Kitchen,6.0
CUST00839,Karan Chauhan,18,Female,67923.59,34981.86,14,2026-06-26,2063.14,45.16,Books,6.0
CUST00840,Sneha Verma,25,Male,69552.28,17570.1,8,2026-07-31,3065.27,27.56,Electronics,7.0
CUST00841,Ankit Agarwal,34,Male,23309.61,14942.61,8,2026-07-22,1676.16,23.11,Home & Kitchen,7.0
CUST00842,Diya Singh,31,Female,60373.52,27490.63,7,2026-07-23,2978.42,20.85,Home & Kitchen,7.0
CUST00843,Krishna Jaiswal,24,Female,60581.76,3812.21,4,2026-05-24,1224.99,50.8,Beauty,7.0
CUST00844,Sameer Malhotra,19,Female,44109.71,17529.32,7,2026-06-05,2027.69,60.97,Beauty,7.0
CUST00845,Sameer Verma,34,Male,48845.97,10123.08,8,2026-06-15,1735.45,20.42,Fashion,7.0
CUST00846,Rahul Malhotra,28,Male,27377.97,29532.64,12,2026-07-18,2614.75,28.28,Sports,7.0
CUST00847,Krishna Srivastava,23,Female,27972.63,5348.09,3,2026-07-27,2294.68,10.82,Sports,7.0
CUST00848,Vikas Kumar,18,Male,30464.78,20391.95,7,2026-07-18,2323.44,34.29,Beauty,6.0
CUST00849,Manish Mehta,35,Female,30976.95,10426.01,10,2026-06-16,1430.07,30.82,Electronics,9.0
CUST00850,Karan Sharma,18,Male,49598.52,11615.85,6,2026-07-24,2323.74,12.66,Books,6.0
CUST00851,Sakshi Agarwal,35,Male,57826.46,13057.41,10,2026-06-20,978.43,39.49,Sports,7.0
CUST00852,Shreya Tiwari,37,Male,113898.23,10067.61,4,2026-06-05,2641.05,47.7,Beauty,5.0
CUST00853,Rohan Jaiswal,27,Female,63960.24,10220.75,10,2026-04-17,916.99,40.99,Fashion,8.0
CUST00854,Yash Mishra,28,Male,49383.42,9455.35,9,2026-07-31,1596.28,38.65,Sports,5.0
CUST00855,Varun Mishra,34,Female,75407.98,27873.1,10,2026-07-30,2236.45,29.68,Electronics,7.0
CUST00856,Karan Pandey,30,Female,41767.24,19470.94,13,2026-03-13,1712.82,50.26,Electronics,8.0
CUST00857,Krishna Jaiswal,19,Male,46388.22,15314.76,7,2026-05-18,2113.13,31.4,Fashion,6.0
CUST00858,Suraj Mehta,23,Male,42141.1,4862.35,2,2026-07-20,2502.84,9.8,Electronics,7.0
CUST00859,Akash Malhotra,29,Female,71952.36,23311.47,7,2026-07-09,3458.35,1.55,Books,7.0
CUST00860,Manish Verma,35,Male,31662.28,11618.05,6,2026-07-01,2682.47,11.38,Sports,6.0
CUST00861,Suraj Sinha,43,Male,25127.54,7067.78,2,2026-05-03,2877.44,28.46,Sports,7.0
CUST00862,Meera Agarwal,18,Male,31455.65,12170.04,4,2026-07-31,2745.41,21.89,Home & Kitchen,7.0
CUST00863,Varun Mehta,26,Male,40042.74,18700.93,6,2026-07-10,2551.4,26.4,Home & Kitchen,6.0
CUST00864,Kavya Mehta,42,Female,44681.77,32820.19,11,2026-08-04,2590.74,59.42,Electronics,9.0
CUST00865,Ayush Sharma,38,Male,19078.37,22421.64,8,2026-07-18,2372.11,36.06,Home & Kitchen,7.0
CUST00866,Suraj Sinha,31,Female,72535.52,50504.69,13,2026-07-31,3156.16,42.25,Sports,8.0
CUST00867,Aditi Mishra,18,Female,51745.16,7122.34,4,2026-06-24,1559.91,64.41,Beauty,8.0
CUST00868,Shreya Chauhan,21,Male,67087.24,15633.83,4,2026-06-16,3189.83,10.53,Electronics,4.0
CUST00869,Arjun Gupta,22,Female,26517.97,15386.85,9,2026-08-02,1586.54,26.35,Beauty,8.0
CUST00870,Suraj Yadav,35,Male,26013.82,12554.24,7,2026-07-10,1849.06,27.77,Books,7.0
CUST00871,Manish Verma,18,Female,39108.44,11111.9,9,2026-07-27,1701.95,38.07,Books,6.0
CUST00872,Meera Mehta,26,Male,37958.66,26018.27,8,2026-07-03,2731.86,50.66,Books,8.0
CUST00873,Aarav Rai,40,Male,42759.42,21642.6,8,2026-08-04,2042.22,54.15,Books,7.0
CUST00874,Manish Malhotra,18,Male,65326.28,2715.54,4,2026-04-30,654.5,16.11,Sports,8.0
CUST00875,Ankit Kumar,31,Male,48129.83,18035.57,8,2025-12-09,1987.57,65.66,Electronics,8.0
CUST00876,Riya Agarwal,31,Female,48849.94,17298.99,7,2026-07-09,2225.85,28.91,Sports,8.0
CUST00877,Riya Tiwari,21,Female,38946.63,21886.13,8,2026-07-14,2900.93,59.73,Home & Kitchen,6.0
CUST00878,Isha Mehta,33,Female,52557.45,14002.83,4,2026-05-26,2643.01,49.17,Fashion,8.0
CUST00879,Sameer Rai,32,Male,40725.73,12267.15,7,2026-07-28,1866.45,23.83,Home & Kitchen,6.0
CUST00880,Yash Shukla,19,Female,31151.17,19396.94,5,2026-01-26,3378.34,58.54,Books,9.0
CUST00881,Riya Sinha,30,Male,67579.06,7211.8,4,2026-07-24,2280.42,26.06,Books,7.0
CUST00882,Ananya Mishra,36,Female,18340.39,10845.98,5,2026-07-20,1675.27,9.3,Sports,7.0
CUST00883,Sneha Srivastava,30,Female,27367.43,30997.97,12,2026-06-04,2251.62,34.58,Sports,7.0
CUST00884,Sakshi Chauhan,38,Female,47297.36,31567.99,9,2026-05-26,3315.38,41.99,Books,7.0
CUST00885,Manish Sharma,20,Female,83889.59,10186.4,3,2026-07-07,2685.79,81.29,Sports,6.0
CUST00886,Ananya Verma,27,Male,35736.47,11628.28,8,2026-06-27,2176.96,62.79,Books,8.0
CUST00887,Sneha Mishra,32,Male,58844.07,15417.79,6,2026-07-14,3252.98,17.25,Home & Kitchen,5.0
CUST00888,Aditi Sinha,43,Female,31439.42,7126.25,10,2026-07-20,947.01,33.39,Fashion,7.0
CUST00889,Meera Gupta,30,Male,41262.36,21726.88,10,2025-12-27,2411.21,30.52,Sports,8.0
CUST00890,Pooja Jaiswal,18,Male,30471.52,5809.37,3,2026-08-08,1655.53,31.82,Fashion,6.0
CUST00891,Aditi Jaiswal,27,Female,56149.8,17653.47,8,2026-06-08,1944.12,0.0,Beauty,6.0
CUST00892,Sakshi Agarwal,32,Female,69911.01,25815.59,8,2026-03-22,2445.23,0.0,Sports,6.0
CUST00893,Diya Yadav,44,Male,38230.67,23116.53,11,2026-08-02,3188.56,33.64,Sports,5.0
CUST00894,Yash Srivastava,37,Female,37241.23,26678.18,8,2026-08-03,2709.02,8.75,Sports,8.0
CUST00895,Arjun Sinha,37,Male,54007.48,26534.43,7,2026-07-13,3176.59,32.51,Beauty,7.0
CUST00896,Aditya Mishra,35,Male,25282.64,24433.75,10,2026-06-02,1825.57,0.0,Fashion,6.0
CUST00897,Manish Pandey,35,Male,25489.74,20820.45,12,2026-06-05,1898.21,26.32,Sports,7.0
CUST00898,Rahul Pandey,36,Female,49519.17,36490.27,13,2026-07-08,3787.81,33.18,Electronics,8.0
CUST00899,Yash Kumar,20,Female,29376.95,24746.85,8,2026-06-25,3168.02,19.9,Electronics,9.0
CUST00900,Riya Verma,33,Male,58786.61,59666.52,14,2026-07-06,3278.28,22.19,Books,8.0
CUST00901,Rahul Shukla,33,Female,26843.29,13799.16,8,2026-05-09,1736.38,63.54,Home & Kitchen,6.0
CUST00902,Karan Rai,32,Male,33995.52,28215.47,10,2026-07-19,2353.6,20.07,Fashion,6.0
CUST00903,Suraj Rai,37,Male,26297.05,16075.87,8,2026-08-07,1980.91,22.73,Fashion,4.0
CUST00904,Krishna Singh,36,Female,26960.96,15400.66,7,2026-04-11,2135.69,48.27,Home & Kitchen,10.0
CUST00905,Sakshi Agarwal,36,Male,107151.97,15285.88,4,2026-05-28,3012.88,53.16,Home & Kitchen,5.0
CUST00906,Sneha Rai,30,Female,22867.78,3719.11,8,2026-06-13,543.41,83.52,Beauty,7.0
CUST00907,Kavya Mehta,32,Male,37088.31,10821.68,7,2026-07-08,2116.86,56.93,Fashion,7.0
CUST00908,Sakshi Agarwal,38,Male,74319.85,46262.02,14,2026-07-31,2501.03,24.84,Beauty,8.0
CUST00909,Pooja Sinha,45,Male,33429.73,21598.92,10,2026-07-28,2347.42,0.0,Electronics,5.0
CUST00910,Nikhil Mehta,50,Female,18000.0,4423.54,3,2026-07-18,1459.89,12.92,Beauty,6.0
CUST00911,Rohan Yadav,32,Male,26965.94,17085.8,12,2026-07-29,1660.42,10.35,Home & Kitchen,9.0
CUST00912,Ankit Shukla,35,Male,34212.79,53989.83,14,2026-06-11,2935.43,42.42,Sports,6.0
CUST00913,Arjun Yadav,32,Male,39315.59,16272.34,8,2026-07-02,1868.06,45.64,Books,4.0
CUST00914,Arjun Shukla,22,Female,41379.93,24533.13,7,2026-08-02,2837.92,36.31,Books,6.0
CUST00915,Aditya Kumar,31,Female,42073.16,9197.43,4,2026-07-09,2085.41,62.1,Electronics,7.0
CUST00916,Aditi Singh,18,Female,59328.44,42465.78,11,2026-08-03,3351.71,33.6,Electronics,8.0
CUST00917,Diya Shukla,22,Male,40776.62,15351.61,10,2026-08-03,1981.89,18.15,Electronics,5.0
CUST00918,Manish Jaiswal,18,Male,58753.32,19361.72,12,2026-07-15,1253.0,61.46,Beauty,6.0
CUST00919,Aarav Jaiswal,23,Female,20268.33,6166.77,6,2026-06-17,1078.35,39.3,Books,6.0
CUST00920,Rohan Singh,39,Male,80759.91,26924.5,12,2026-07-09,2190.3,12.64,Books,8.0
CUST00921,Aditya Srivastava,35,Male,90823.11,19522.58,5,2026-05-17,3423.16,33.12,Sports,9.0
CUST00922,Sakshi Sinha,32,Male,58056.82,10426.77,7,2026-06-24,1746.47,0.0,Sports,7.0
CUST00923,Yash Mehta,33,Male,61748.18,19566.6,7,2026-07-01,3299.91,52.73,Beauty,7.0
CUST00924,Aarav Malhotra,21,Female,43046.21,8653.75,9,2026-08-05,784.61,31.1,Fashion,6.0
CUST00925,Krishna Shukla,22,Male,51439.55,10046.58,7,2026-07-18,1925.27,30.54,Home & Kitchen,6.0
CUST00926,Vikas Srivastava,50,Male,29416.02,9855.62,6,2026-07-18,1913.03,21.92,Electronics,10.0
CUST00927,Aarav Jaiswal,29,Male,141652.39,12448.1,5,2026-05-11,3381.42,8.71,Sports,9.0
CUST00928,Shreya Srivastava,18,Male,53671.67,11908.13,7,2026-08-08,1970.57,62.8,Fashion,9.0
CUST00929,Varun Rai,53,Female,50795.3,23845.84,9,2026-08-08,2063.6,40.22,Fashion,6.0
CUST00930,Riya Pandey,23,Male,57322.91,34283.17,15,2026-07-22,2934.72,5.33,Fashion,8.0
CUST00931,Suraj Verma,43,Male,18000.0,11188.75,5,2026-08-01,2880.17,42.93,Sports,7.0
CUST00932,Aditya Sinha,27,Female,49345.76,12262.72,5,2026-07-08,2227.01,45.43,Books,6.0
CUST00933,Arjun Malhotra,35,Male,18000.0,13536.49,6,2026-04-22,2733.05,26.17,Home & Kitchen,7.0
CUST00934,Rohan Tiwari,19,Female,52078.13,19546.93,7,2026-05-14,3774.81,36.55,Electronics,8.0
CUST00935,Vikas Yadav,32,Female,32416.09,27242.62,9,2026-05-01,2793.27,25.57,Home & Kitchen,7.0
CUST00936,Riya Sinha,21,Female,42925.87,13390.68,5,2026-07-12,2773.97,35.32,Books,7.0
CUST00937,Kavya Agarwal,36,Male,35119.43,13629.15,5,2026-04-16,2606.24,60.57,Beauty,6.0
CUST00938,Ayush Tiwari,36,Male,56724.72,18344.8,9,2026-07-19,3119.63,61.11,Books,6.0
CUST00939,Kavya Kumar,18,Female,37296.9,21630.5,20,2026-01-16,1281.92,66.9,Books,5.0
CUST00940,Meera Mehta,30,Female,88840.02,16976.56,7,2026-07-01,1917.9,50.19,Home & Kitchen,6.0
CUST00941,Akash Mishra,38,Female,63850.13,24472.02,7,2026-07-07,3528.18,49.52,Books,6.0
CUST00942,Varun Kumar,18,Male,48851.38,7442.15,3,2026-07-03,2001.78,27.83,Sports,8.0
CUST00943,Vikas Singh,37,Male,24592.81,16769.98,8,2026-08-07,2512.69,28.29,Books,7.0
CUST00944,Varun Rai,42,Male,54648.41,18210.3,9,2026-07-29,1587.61,38.39,Books,7.0
CUST00945,Rahul Jaiswal,30,Male,21130.04,25776.48,12,2026-04-10,1762.35,43.68,Sports,8.0
CUST00946,Pooja Pandey,23,Male,28571.86,17145.75,10,2026-07-30,1334.91,58.56,Sports,5.0
CUST00947,Ananya Srivastava,35,Female,47715.0,24678.36,10,2026-07-08,2227.82,36.61,Beauty,6.0
CUST00948,Rahul Sinha,52,Male,36715.15,8317.83,8,2026-08-01,816.11,45.27,Fashion,9.0
CUST00949,Aditya Jaiswal,27,Female,73844.44,19885.62,10,2026-06-11,1987.0,35.35,Home & Kitchen,8.0
CUST00950,Varun Mishra,32,Male,53173.83,17254.59,10,2026-07-18,1549.06,0.0,Sports,9.0
CUST00951,Ankit Kumar,28,Male,78402.38,12995.01,5,2026-05-18,2700.67,44.67,Books,6.0
CUST00952,Aditi Tiwari,44,Female,24071.51,18128.29,7,2026-08-08,1980.81,81.03,Beauty,6.0
CUST00953,Kavya Tiwari,33,Male,75745.76,15833.42,8,2026-07-25,2851.83,29.68,Electronics,7.0
CUST00954,Suraj Srivastava,50,Male,22213.26,22430.74,7,2026-07-24,3164.77,34.2,Beauty,9.0
CUST00955,Vikas Verma,42,Female,34607.23,29025.45,11,2026-05-08,2041.48,11.23,Electronics,8.0
CUST00956,Nikhil Pandey,33,Female,35830.88,13555.11,10,2026-08-04,1876.77,25.77,Books,5.0
CUST00957,Rahul Mishra,32,Female,40296.99,19839.52,8,2026-06-30,2350.56,33.46,Beauty,6.0
CUST00958,Rohan Singh,39,Female,59141.13,23160.44,13,2026-06-11,1967.05,42.79,Sports,7.0
CUST00959,Yash Tiwari,18,Female,36825.75,13101.68,9,2026-05-21,1593.71,37.86,Sports,6.0
CUST00960,Varun Srivastava,46,Female,66841.11,14837.0,7,2026-07-28,2362.88,50.13,Beauty,6.0
CUST00961,Aarav Rai,23,Female,65024.3,27145.89,7,2026-07-05,3051.08,46.34,Fashion,7.0
CUST00962,Aditya Rai,28,Female,47389.4,14619.73,10,2026-04-12,1908.77,49.81,Books,8.0
CUST00963,Ankit Mishra,29,Female,36556.94,6651.05,9,2026-08-04,926.0,,Home & Kitchen,6.0
CUST00964,Manish Agarwal,31,Male,38256.69,8466.94,6,2026-06-10,1268.14,21.16,Books,9.0
CUST00965,Neha Malhotra,25,Male,41286.97,18689.74,7,2026-04-16,2704.96,48.8,Fashion,7.0
CUST00966,Manish Sharma,18,Male,24361.96,17163.18,10,2026-07-24,1555.93,60.68,Fashion,6.0
CUST00967,Rahul Mishra,38,Male,40200.16,5897.22,4,2026-07-04,1993.6,22.85,Fashion,7.0
CUST00968,Ananya Verma,21,Male,67761.13,44400.1,9,2026-07-18,3873.67,12.56,Fashion,8.0
CUST00969,Nikhil Jaiswal,24,Female,107251.39,25982.15,8,2026-05-06,2506.55,10.67,Sports,5.0
CUST00970,Shreya Sinha,31,Male,22210.9,26122.81,6,2026-06-14,3441.86,37.74,Electronics,6.0
CUST00971,Neha Malhotra,45,Male,27695.39,13052.84,7,2026-07-25,1933.44,26.89,Fashion,5.0
CUST00972,Riya Kumar,35,Male,47746.08,30740.83,12,2026-06-13,2080.59,37.13,Sports,6.0
CUST00973,Nikhil Pandey,27,Male,53654.12,20276.0,8,2026-08-06,2333.26,26.14,Fashion,7.0
CUST00974,Riya Singh,34,Female,53572.85,10057.07,6,2026-07-13,1293.7,44.71,Fashion,10.0
CUST00975,Akash Sharma,18,Female,44967.29,19395.29,7,2026-07-01,3012.27,35.02,Fashion,6.0
CUST00976,Riya Gupta,18,Female,60867.11,9654.68,3,2026-07-31,2619.51,17.82,Fashion,6.0
CUST00977,Riya Verma,28,Female,36567.51,33235.99,13,2026-05-06,1995.6,34.18,Sports,7.0
CUST00978,Sakshi Kumar,31,Male,26775.95,2412.77,3,2026-07-20,1124.47,26.65,Sports,7.0
CUST00979,Sneha Chauhan,27,Male,32254.77,18427.81,7,2026-06-04,2060.09,75.46,Sports,5.0
CUST00980,Aditi Rai,21,Female,51877.63,16894.01,9,2026-07-19,2064.43,18.54,Beauty,10.0
CUST00981,Neha Jaiswal,37,Male,51880.0,23882.74,7,2026-05-10,2610.63,15.56,Home & Kitchen,7.0
CUST00982,Diya Malhotra,39,Male,18000.0,18609.81,9,2026-06-09,2181.54,68.52,Fashion,7.0
CUST00983,Vikas Shukla,30,Male,22391.95,7352.13,4,2026-01-25,2166.76,6.33,Beauty,7.0
CUST00984,Sameer Sharma,36,Female,32965.21,22021.47,12,2026-07-01,2345.76,58.95,Sports,6.0
CUST00985,Krishna Yadav,24,Male,39687.11,33633.73,9,2026-06-07,3686.09,44.42,Books,7.0
CUST00986,Akash Kumar,37,Female,37048.17,7993.84,4,2026-07-30,2134.67,25.27,Beauty,7.0
CUST00987,Pooja Chauhan,36,Female,21374.54,5733.25,7,2026-07-28,983.34,42.13,Sports,7.0
CUST00988,Sakshi Jaiswal,42,Female,51869.81,37462.4,12,2026-06-03,2895.13,27.94,Fashion,7.0
CUST00989,Pooja Malhotra,29,Female,18000.0,5946.04,5,2026-07-29,1147.36,14.92,Fashion,8.0
CUST00990,Neha Pandey,40,Female,33532.91,13212.22,10,2026-06-24,1268.74,0.0,Home & Kitchen,6.0
CUST00991,Krishna Kumar,19,Female,40304.28,30062.33,13,2026-07-27,1940.11,31.3,Books,7.0
CUST00992,Meera Mishra,19,Male,91430.89,51999.41,12,2026-07-03,3692.71,6.34,Electronics,10.0
CUST00993,Suraj Agarwal,33,Male,41452.29,23474.0,10,2025-12-22,2333.77,47.39,Sports,9.0
CUST00994,Rohan Sharma,34,Male,47623.58,17663.0,12,2026-07-23,1930.34,0.0,Electronics,7.0
CUST00995,Riya Chauhan,23,Male,51997.47,18544.14,9,2026-08-08,2102.15,41.21,Electronics,6.0
CUST00996,Kavya Singh,40,Male,54286.14,26119.65,9,2026-06-18,3479.15,66.9,Sports,
CUST00997,Yash Jaiswal,30,Male,37683.48,21564.72,6,2026-04-16,3106.02,28.94,Sports,5.0
CUST00998,Riya Verma,35,Female,97800.22,33907.92,9,2026-05-31,3281.48,6.91,Fashion,8.0
CUST00999,Arjun Rai,30,Female,82250.56,9394.8,5,2026-05-26,1962.81,23.01,Home & Kitchen,6.0
CUST01000,Riya Rai,38,Male,26681.48,10651.69,10,2026-06-26,1581.48,11.62,Sports,5.0
CUST01001,Sakshi Verma,25,Male,33732.63,30472.94,12,2026-07-31,2349.93,38.09,Home & Kitchen,9.0
CUST01002,Ankit Singh,38,Male,48666.16,14835.79,5,2026-06-09,2676.7,53.12,Home & Kitchen,8.0
CUST01003,Krishna Jaiswal,34,Female,18000.0,7150.92,4,2026-02-07,1992.59,46.65,Sports,7.0
CUST01004,Shreya Singh,26,Male,69002.98,11187.39,5,2026-07-15,2210.03,10.03,Electronics,8.0
CUST01005,Pooja Srivastava,33,Female,33504.03,17767.81,6,2026-08-06,2556.6,35.85,Home & Kitchen,8.0
CUST01006,Arjun Mehta,53,Female,72084.09,8250.12,4,2026-06-27,2551.35,18.36,Beauty,5.0
CUST01007,Manish Rai,29,Male,25777.51,18744.0,11,2026-04-28,2046.17,6.49,Electronics,8.0
CUST01008,Karan Gupta,20,Male,68484.93,35520.5,12,2026-06-30,2953.49,10.95,Sports,10.0
CUST01009,Tanvi Pandey,41,Female,28349.16,21506.82,10,2026-04-07,1702.46,40.55,Books,7.0
CUST01010,Rahul Malhotra,34,Female,40774.68,14582.31,4,2026-06-20,2748.81,18.69,Fashion,8.0
CUST01011,Meera Mehta,36,Female,29871.96,17383.6,5,2026-07-25,2628.17,0.0,Sports,9.0
CUST01012,Diya Singh,27,Male,30967.31,7359.37,8,2026-08-05,931.68,2.78,Beauty,6.0
CUST01013,Ayush Agarwal,18,Male,31136.9,8802.18,8,2026-07-30,979.03,56.5,Beauty,9.0
CUST01014,Aarav Pandey,23,Female,72237.84,27865.0,11,2026-03-16,2504.25,21.0,Fashion,7.0
CUST01015,Sakshi Agarwal,38,Female,81010.48,20783.34,8,2026-07-05,3632.91,28.99,Electronics,7.0
CUST01016,Kavya Yadav,51,Male,29611.74,20491.3,10,2026-07-08,2083.32,50.63,Sports,8.0
CUST01017,Shreya Yadav,53,Female,56330.33,28098.51,10,2026-07-05,3611.87,35.96,Beauty,8.0
CUST01018,Ayush Pandey,36,Male,70495.57,7374.45,4,2026-07-15,2263.76,46.07,Fashion,8.0
CUST01019,Ayush Srivastava,27,Male,47528.64,8422.72,12,2026-07-07,886.3,41.45,Fashion,4.0
CUST01020,Aditya Malhotra,39,Male,34680.15,12147.46,11,2026-07-10,1504.69,41.3,Sports,5.0
CUST01021,Pooja Verma,30,Male,30621.41,26127.47,12,2026-08-08,1837.42,17.95,Beauty,7.0
CUST01022,Neha Pandey,29,Female,156434.81,7989.79,2,2026-05-10,3683.74,23.01,Beauty,7.0
CUST01023,Yash Rai,20,Male,59575.84,37644.65,12,2026-04-12,2342.7,27.67,Home & Kitchen,6.0
CUST01024,Rahul Kumar,33,Female,38105.89,18459.9,9,2026-07-11,2546.48,60.13,Electronics,8.0
CUST01025,Pooja Verma,26,Female,49286.19,9907.23,5,2026-06-10,2011.98,83.82,Sports,6.0
CUST01026,Sakshi Mishra,18,Female,41515.76,19884.62,9,2026-08-07,2386.99,84.06,Beauty,8.0
CUST01027,Meera Agarwal,38,Male,24476.18,37667.25,14,2026-06-28,2362.65,24.94,Books,7.0
CUST01028,Arjun Jaiswal,19,Male,71362.56,20422.11,9,2026-06-06,3447.08,2.9,Sports,7.0
CUST01029,Riya Pandey,42,Male,48585.07,2896.76,11,2026-07-01,300.0,12.72,Fashion,9.0
CUST01030,Neha Agarwal,18,Female,34942.52,10831.92,6,2026-06-16,2212.41,36.86,Home & Kitchen,8.0
CUST01031,Arjun Chauhan,36,Male,56547.97,22615.1,11,2026-07-07,2057.69,31.37,Books,6.0
CUST01032,Krishna Pandey,37,Female,23243.31,7675.37,4,2026-06-30,2118.97,37.43,Beauty,6.0
CUST01033,Rahul Tiwari,32,Male,36523.57,32609.86,11,2026-06-22,2823.4,46.81,Electronics,5.0
CUST01034,Pooja Chauhan,18,Female,47605.06,22517.4,8,2026-06-25,2320.69,0.0,Beauty,6.0
CUST01035,Shreya Kumar,26,Male,66742.08,9079.78,8,2026-07-27,1509.09,27.71,Beauty,9.0
CUST01036,Neha Kumar,32,Male,57202.98,20772.08,8,2026-06-22,3356.29,45.59,Books,8.0
CUST01037,Isha Pandey,30,Female,33857.24,24016.12,9,2026-04-04,2224.21,42.25,Sports,3.0
CUST01038,Sameer Mishra,25,Male,50682.23,18692.06,9,2026-07-23,2235.91,45.2,Electronics,8.0
CUST01039,Neha Gupta,30,Male,25314.86,8556.54,6,2026-08-04,1169.24,33.19,Beauty,7.0
CUST01040,Kavya Shukla,26,Female,48915.4,25219.63,13,2026-07-25,2332.15,31.35,Sports,9.0
CUST01041,Manish Gupta,37,Female,68290.61,16030.82,10,2026-05-02,1799.4,15.44,Home & Kitchen,10.0
CUST01042,Rohan Shukla,18,Male,39956.27,21474.08,12,2026-04-13,1698.15,38.28,Fashion,7.0
CUST01043,Sakshi Rai,36,Female,78531.32,15087.46,7,2026-08-08,2398.63,0.0,Beauty,6.0
CUST01044,Krishna Sinha,41,Female,51861.16,29582.52,9,2026-07-08,2582.57,36.25,Beauty,7.0
CUST01045,Rohan Agarwal,18,Male,46844.15,17206.84,8,2026-07-12,1710.04,35.55,Beauty,7.0
CUST01046,Aditya Singh,34,Female,60895.46,32478.9,10,2026-08-03,2610.36,4.89,Fashion,7.0
CUST01047,Karan Sinha,44,Female,31927.59,19685.62,11,2026-07-24,2210.06,36.11,Books,6.0
CUST01048,Krishna Pandey,38,Female,40103.84,34612.64,15,2026-07-05,2148.98,30.25,Beauty,6.0
CUST01049,Nikhil Mehta,23,Female,32004.17,15479.76,8,2026-06-27,1648.85,49.14,Beauty,7.0
CUST01050,Aarav Kumar,37,Male,68082.27,26998.64,12,2026-05-21,2889.21,22.12,Books,8.0
CUST01051,Shreya Singh,45,Male,66313.03,30363.97,13,2026-07-24,2097.77,68.19,Fashion,7.0
CUST01052,Akash Singh,36,Male,45383.83,13165.13,6,2026-06-14,2364.6,24.25,Beauty,6.0
CUST01053,Krishna Rai,26,Male,18000.0,5852.86,4,2026-06-13,2188.95,63.04,Electronics,4.0
CUST01054,Ananya Singh,20,Male,45471.62,12383.09,9,2026-08-08,1650.32,3.6,Books,9.0
CUST01055,Ayush Sinha,39,Female,45793.27,14544.07,11,2026-07-17,1525.79,47.96,Beauty,7.0
CUST01056,Tanvi Mishra,24,Male,27590.88,7156.59,6,2026-07-22,1607.73,5.68,Electronics,9.0
CUST01057,Varun Agarwal,44,Male,51556.0,26109.63,9,2026-07-23,2603.06,0.0,,7.0
CUST01058,Pooja Pandey,18,Female,45885.75,28089.12,7,2026-05-31,3011.46,10.0,Sports,5.0
CUST01059,Sameer Shukla,32,Female,18000.0,15843.53,14,2026-08-05,1519.89,36.53,Fashion,7.0
CUST01060,Rohan Chauhan,27,Female,97769.71,37168.87,9,2026-07-09,3782.86,27.92,Sports,7.0
CUST01061,Neha Shukla,34,Female,82253.93,24230.29,9,2026-08-08,2093.11,22.16,Fashion,8.0
CUST01062,Kavya Chauhan,41,Male,32823.71,25429.47,10,2026-07-29,2650.83,4.57,Home & Kitchen,6.0
CUST01063,Aarav Rai,36,Male,74495.66,29076.76,11,2026-07-20,3064.74,23.26,Fashion,8.0
CUST01064,Pooja Sharma,31,Female,63852.61,20186.75,13,2026-06-25,1825.28,34.2,Books,7.0
CUST01065,Neha Sinha,41,Female,64218.98,18072.13,7,2026-08-02,1966.48,10.15,Electronics,7.0
CUST01066,Riya Tiwari,39,Female,63373.85,6631.45,6,2026-08-06,914.5,26.58,Electronics,7.0
CUST01067,Vikas Shukla,18,Female,35493.81,13643.58,8,2026-07-23,2180.88,12.14,Beauty,7.0
CUST01068,Sameer Jaiswal,31,Female,47312.97,7369.7,6,2026-06-27,1488.96,26.76,Beauty,6.0
CUST01069,Manish Tiwari,31,Male,31651.14,6313.81,7,2026-08-08,1081.39,12.44,Sports,8.0
CUST01070,Shreya Shukla,29,Female,30657.19,22355.99,11,2026-07-11,2393.06,37.22,Home & Kitchen,5.0
CUST01071,Aditya Mishra,27,Female,132927.67,18721.57,9,2026-07-05,2661.43,31.64,Fashion,7.0
CUST01072,Meera Mehta,33,Female,50486.28,34552.93,14,2026-06-03,3393.7,41.01,Home & Kitchen,4.0
CUST01073,Aarav Kumar,33,Female,44718.98,13790.01,11,2026-06-18,1604.24,26.72,Electronics,7.0
CUST01074,Akash Sinha,35,Male,68574.72,36166.42,12,2026-07-09,3863.16,37.59,Home & Kitchen,6.0
CUST01075,Shreya Sharma,24,Male,39258.68,25695.27,9,2026-06-15,2481.26,24.27,Fashion,7.0
CUST01076,Neha Yadav,31,Male,54661.71,8206.95,4,2026-07-11,2715.81,20.99,Home & Kitchen,7.0
CUST01077,Suraj Malhotra,18,Female,18000.0,12396.82,7,2026-03-28,2040.05,27.01,Home & Kitchen,7.0
CUST01078,Aditi Agarwal,34,Female,116846.78,27244.43,9,2026-05-24,2660.41,34.08,Electronics,5.0
CUST01079,Sneha Jaiswal,33,Male,19815.25,12432.83,8,2026-05-20,2254.85,4.6,Electronics,8.0
CUST01080,Vikas Pandey,23,Female,18000.0,10195.72,8,2026-08-04,1639.98,55.3,Beauty,8.0
CUST01081,Sneha Tiwari,48,Male,101043.17,18261.78,8,2026-06-04,3104.17,50.75,Beauty,5.0
CUST01082,Aditi Yadav,22,Female,39558.33,15408.22,7,2026-07-16,2674.53,61.3,Beauty,6.0
CUST01083,Arjun Malhotra,37,Male,53280.66,21137.26,8,2026-06-10,2603.63,27.29,Beauty,7.0
CUST01084,Ankit Verma,21,Female,36840.88,43656.74,9,2026-08-07,3716.05,26.65,Books,8.0
CUST01085,Rohan Sinha,29,Male,29389.88,15720.91,8,2026-05-26,2375.28,14.29,Fashion,8.0
CUST01086,Varun Yadav,18,Female,35072.63,13868.58,7,2026-08-06,1558.47,60.88,Electronics,6.0
CUST01087,Karan Sharma,18,Male,97885.34,6303.37,3,2026-07-26,1922.28,48.46,Fashion,7.0
CUST01088,Krishna Tiwari,40,Female,87372.68,20991.82,9,2026-07-30,2201.88,33.95,Electronics,8.0
CUST01089,Sameer Malhotra,22,Male,69366.57,25135.99,6,2026-05-17,3964.34,24.91,Books,8.0
CUST01090,Aditya Tiwari,27,Male,62017.07,9249.74,6,2026-08-08,1694.13,21.64,Fashion,6.0
CUST01091,Riya Agarwal,18,Female,28142.4,8698.3,6,2026-01-12,2030.47,39.61,Books,7.0
CUST01092,Rohan Kumar,18,Male,24424.9,9725.76,12,2026-05-31,1171.48,19.25,Books,6.0
CUST01093,Ayush Agarwal,33,Male,18869.65,1771.39,8,2026-07-25,300.0,29.13,Sports,7.0
CUST01094,Meera Yadav,44,Female,27268.5,32351.75,11,2026-07-19,2422.89,35.97,Electronics,8.0
CUST01095,Ananya Pandey,30,Female,34372.02,15679.61,8,2026-04-17,2175.99,30.65,Electronics,7.0
CUST01096,Pooja Sinha,29,Female,74999.61,20430.51,8,2026-05-15,2231.11,32.5,Sports,6.0
CUST01097,Ankit Shukla,32,Female,92574.73,37609.06,13,2026-07-15,3695.51,0.0,Home & Kitchen,8.0
CUST01098,Diya Shukla,24,Female,31596.78,20013.29,8,2026-07-06,2151.63,0.0,Fashion,6.0
CUST01099,Meera Sinha,36,Male,53365.1,12868.6,5,2026-07-31,2518.82,69.08,Home & Kitchen,5.0
CUST01100,Sneha Rai,33,Female,82319.32,21258.72,9,2026-08-08,2440.53,49.31,Beauty,6.0
CUST01101,Riya Srivastava,47,Male,51716.43,47499.22,14,2026-07-30,2675.6,49.52,Sports,7.0
CUST01102,Aditya Shukla,41,Male,38350.68,27957.66,12,2026-05-27,2664.2,14.12,Beauty,8.0
CUST01103,Neha Shukla,31,Male,59048.79,26514.84,10,2026-05-24,2607.55,27.4,Fashion,6.0
CUST01104,Rohan Agarwal,35,Female,62113.98,23037.57,10,2026-05-22,2630.4,49.75,Electronics,7.0
CUST01105,Aditya Verma,35,Male,72248.91,19205.85,9,2026-08-04,2099.88,8.48,Fashion,7.0
CUST01106,Arjun Gupta,35,Male,37943.82,10149.33,5,2026-08-03,1609.16,37.87,Beauty,6.0
CUST01107,Rahul Jaiswal,30,Male,36247.81,9406.79,6,2026-07-28,2180.14,22.57,Books,7.0
CUST01108,Sameer Pandey,24,Female,49169.22,36591.14,14,2026-05-08,2567.25,61.68,Electronics,6.0
CUST01109,Sameer Singh,29,Female,53260.12,17154.13,7,2026-06-22,3046.08,5.68,Electronics,8.0
CUST01110,Yash Singh,34,Male,25663.58,10518.27,5,2026-05-26,1896.85,58.92,Beauty,8.0
CUST01111,Shreya Chauhan,38,Male,71385.78,14448.0,8,2026-06-22,2000.78,6.23,Home & Kitchen,8.0
CUST01112,Diya Rai,28,Male,32756.78,9388.38,5,2026-07-28,1530.86,12.56,Electronics,8.0
CUST01113,Aditya Yadav,46,Male,108773.45,36071.93,12,2026-07-31,2435.74,53.31,Sports,7.0
CUST01114,Ayush Shukla,26,Male,26947.41,16437.86,8,2026-06-04,2850.4,69.76,Beauty,7.0
CUST01115,Sakshi Tiwari,25,Male,60984.15,11657.24,7,2026-06-30,2120.93,18.08,Sports,7.0
CUST01116,Pooja Chauhan,31,Male,39006.21,9539.09,5,2026-07-12,1832.86,38.94,Books,6.0
CUST01117,Rahul Srivastava,28,Male,30831.16,24221.46,9,2026-08-02,2268.44,20.84,Books,9.0
CUST01118,Manish Gupta,21,Female,60439.4,21141.36,6,2026-05-14,3086.01,33.97,Fashion,6.0
CUST01119,Nikhil Agarwal,26,Male,45754.66,25488.5,9,2026-07-31,2736.35,61.57,Books,7.0
CUST01120,Riya Mehta,30,Male,100720.89,22438.02,10,2026-06-17,2191.79,25.46,Home & Kitchen,6.0
CUST01121,Karan Srivastava,25,Female,62348.14,12971.73,7,2026-07-18,1790.34,0.0,Beauty,6.0
CUST01122,Karan Tiwari,20,Female,120351.56,56928.35,13,2026-07-09,3565.15,15.06,Sports,7.0
CUST01123,Pooja Pandey,24,Male,39064.12,30359.98,10,2026-06-23,3326.96,54.16,Home & Kitchen,7.0
CUST01124,Krishna Sharma,36,Female,81193.94,12752.58,6,2026-06-29,2206.52,14.93,Books,7.0
CUST01125,Riya Sharma,18,Male,25115.94,14156.99,6,2026-06-27,1763.36,54.61,Sports,7.0
CUST01126,Isha Sharma,31,Male,57223.84,24918.92,9,2026-04-04,2057.97,15.9,Home & Kitchen,6.0
CUST01127,Karan Sharma,38,Male,65275.45,11918.84,5,2026-08-03,2978.31,15.84,Books,6.0
CUST01128,Nikhil Shukla,18,Female,40164.82,10242.7,6,2026-07-09,1319.89,26.98,Sports,10.0
CUST01129,Meera Srivastava,34,Male,38740.22,14945.6,7,2026-07-15,2981.96,36.24,Fashion,8.0
CUST01130,Vikas Tiwari,30,Male,93591.82,33230.35,10,2026-05-05,3977.34,29.9,Fashion,9.0
CUST01131,Aditya Jaiswal,32,Female,26039.38,16132.88,8,2026-06-26,1656.01,65.71,Sports,7.0
CUST01132,Shreya Agarwal,45,Male,30029.38,27583.97,11,2026-03-22,2154.35,25.63,Beauty,4.0
CUST01133,Vikas Gupta,37,Male,38911.31,4461.43,5,2026-06-14,899.67,24.6,Sports,5.0
CUST01134,Suraj Jaiswal,32,Female,38480.6,17416.13,10,2026-07-20,2575.74,0.0,Electronics,10.0
CUST01135,Karan Srivastava,47,Male,64872.83,27014.99,11,2026-06-12,1896.0,27.02,Beauty,8.0
CUST01136,Akash Tiwari,24,Female,37045.09,30963.35,7,2026-06-08,3399.5,53.77,Books,8.0
CUST01137,Rohan Jaiswal,28,Male,37469.63,9703.78,6,2026-07-22,1478.71,54.32,Electronics,6.0
CUST01138,Karan Shukla,32,Female,23815.94,36641.03,13,2026-06-26,2771.24,45.29,Sports,5.0
CUST01139,Sameer Tiwari,26,Male,18000.0,16996.02,11,2026-05-23,1758.22,81.08,Fashion,7.0
CUST01140,Krishna Mehta,34,Male,43263.21,28262.75,8,2026-05-19,3149.98,45.85,Sports,8.0
CUST01141,Isha Jaiswal,36,Male,84593.65,24989.83,13,2026-07-09,2386.58,44.9,Fashion,8.0
CUST01142,Neha Verma,37,Male,56989.74,8151.25,5,2026-07-05,1841.43,0.0,Sports,6.0
CUST01143,Krishna Rai,41,Female,74265.06,13952.35,11,2026-05-25,1521.24,12.06,Beauty,7.0
CUST01144,Neha Shukla,36,Male,56690.75,20899.94,6,2026-07-09,2943.43,32.45,Fashion,7.0
CUST01145,Rahul Yadav,38,Female,48122.28,14700.61,10,2026-06-07,1586.3,26.24,Sports,7.0
CUST01146,Diya Chauhan,26,Male,31942.48,9117.21,6,2026-07-22,1853.95,26.82,Home & Kitchen,5.0
CUST01147,Manish Chauhan,34,Male,51312.51,26984.65,14,2026-06-23,2644.83,41.43,Home & Kitchen,7.0
CUST01148,Kavya Sharma,34,Female,82664.11,34477.5,15,2026-07-27,2934.22,43.74,Home & Kitchen,7.0
CUST01149,Riya Mehta,31,Male,31192.97,14547.49,4,2026-06-20,2711.34,32.4,Sports,9.0
CUST01150,Yash Tiwari,39,Male,63844.9,20169.74,8,2026-06-24,2630.86,38.32,Fashion,8.0
CUST01151,Shreya Singh,35,Female,54442.0,8683.26,9,2026-07-02,1270.83,24.58,Electronics,6.0
CUST01152,Riya Kumar,37,Male,61381.55,4896.72,3,2026-05-03,1990.21,24.03,Home & Kitchen,7.0
CUST01153,Suraj Gupta,47,Male,25457.92,6808.15,9,2026-06-21,849.68,42.85,Home & Kitchen,8.0
CUST01154,Karan Yadav,48,Female,43168.82,10800.05,7,2026-07-12,1574.62,1.8,Books,7.0
CUST01155,Nikhil Pandey,44,Male,70053.72,12771.92,8,2026-06-10,2014.09,9.47,Sports,6.0
CUST01156,Ananya Sharma,31,Female,24291.36,34652.2,10,2026-07-15,3190.43,47.58,Beauty,7.0
CUST01157,Aditi Sinha,37,Male,92812.68,19992.02,12,2026-07-17,2010.09,45.71,Fashion,7.0
CUST01158,Rohan Sharma,18,Female,50627.2,1649.18,8,2026-08-04,300.0,39.25,Electronics,7.0
CUST01159,Sakshi Srivastava,45,Female,26283.51,14045.39,6,2026-05-16,2104.63,53.94,Electronics,6.0
CUST01160,Vikas Jaiswal,19,Male,36012.78,12665.98,5,2026-08-03,2963.68,18.83,Fashion,7.0
CUST01161,Sameer Gupta,39,Female,67901.25,5539.63,3,2026-08-05,1835.57,30.79,Home & Kitchen,7.0
CUST01162,Pooja Singh,40,Female,40709.88,12850.08,4,2026-04-14,2556.23,36.88,Fashion,8.0
CUST01163,Meera Shukla,20,Male,25940.61,22160.19,7,2026-08-03,3164.3,100.0,Books,6.0
CUST01164,Yash Rai,20,Male,20695.72,3949.26,4,2026-05-18,1456.59,39.42,Home & Kitchen,8.0
CUST01165,Shreya Mishra,30,Female,67348.26,5509.64,3,2026-08-01,1849.58,30.5,Electronics,4.0
CUST01166,Kavya Sinha,25,Female,18000.0,14040.81,10,2026-08-08,1243.63,48.29,Fashion,8.0
CUST01167,Rohan Pandey,28,Female,51210.24,11783.54,8,2026-07-13,1208.99,55.83,Beauty,6.0
CUST01168,Diya Tiwari,19,Male,44622.54,39617.47,8,2026-04-12,3777.71,41.89,Fashion,8.0
CUST01169,Sakshi Kumar,34,Female,43615.38,26858.52,8,2026-08-03,2626.96,72.24,Electronics,6.0
CUST01170,Sakshi Tiwari,24,Female,45239.9,16930.61,6,2026-06-24,2781.43,27.99,Beauty,6.0
CUST01171,Manish Sinha,51,Male,19800.85,12795.86,5,2026-04-27,2434.92,51.55,Sports,6.0
CUST01172,Ananya Yadav,18,Female,35933.82,16365.18,12,2026-01-31,1414.08,58.64,Books,8.0
CUST01173,Sakshi Yadav,18,Male,51024.84,18201.69,6,2026-08-08,2870.78,27.3,Fashion,9.0
CUST01174,Vikas Rai,28,Female,57850.75,13085.77,5,2026-06-26,2312.03,28.17,Fashion,8.0
CUST01175,Sneha Kumar,28,Female,35572.91,35313.78,10,2026-06-12,2621.7,0.0,Books,10.0
CUST01176,Pooja Shukla,18,Male,48702.94,13621.08,6,2026-05-29,2602.68,37.52,Books,7.0
CUST01177,Tanvi Kumar,18,Male,29994.95,7537.44,5,2025-11-21,1935.42,15.42,Books,7.0
CUST01178,Vikas Chauhan,29,Male,76026.74,28575.14,8,2026-03-11,3012.21,3.31,Beauty,5.0
CUST01179,Yash Pandey,47,Female,77244.25,44448.36,15,2025-11-19,3086.36,53.79,Fashion,8.0
CUST01180,Ankit Sharma,23,Male,19062.67,15171.25,9,2026-03-13,2325.93,34.85,Sports,7.0
CUST01181,Riya Tiwari,28,Female,42885.03,8219.25,4,2026-05-13,1913.37,29.97,Sports,8.0
CUST01182,Aarav Srivastava,33,Male,122459.86,30475.99,12,2026-05-18,3129.06,58.93,Electronics,6.0
CUST01183,Varun Malhotra,36,Female,50477.52,11593.92,6,2026-08-07,2597.69,32.64,Books,6.0
CUST01184,Krishna Malhotra,41,Female,76626.47,10713.26,7,2026-05-10,1965.2,37.08,Beauty,8.0
CUST01185,Ayush Verma,30,Male,69677.77,22909.14,12,2026-07-02,2496.69,70.84,Beauty,8.0
CUST01186,Manish Tiwari,38,Male,32399.53,14253.79,6,2026-07-25,1830.5,0.0,Books,8.0
CUST01187,Aditya Mishra,36,Male,49007.03,5633.55,5,2026-06-21,954.48,17.2,Beauty,6.0
CUST01188,Varun Mehta,18,Female,87520.56,19921.08,7,2026-04-13,2515.12,27.14,Fashion,5.0
CUST01189,Aditi Jaiswal,19,Female,46356.34,13659.92,7,2026-06-04,2090.64,21.72,Books,8.0
CUST01190,Shreya Shukla,45,Female,36132.64,17113.26,7,2026-08-02,2640.39,24.67,Sports,7.0
CUST01191,Meera Mehta,28,Male,65437.55,16918.83,8,2026-07-17,2084.72,54.33,Electronics,7.0
CUST01192,Krishna Verma,29,Male,41316.82,16637.18,6,2026-03-06,2737.03,38.42,Sports,7.0
CUST01193,Rohan Verma,35,Female,97326.98,22968.45,7,2026-06-18,3244.58,41.08,Fashion,4.0
CUST01194,Vikas Sinha,21,Female,66149.38,23221.4,8,2026-06-08,3030.92,0.0,Home & Kitchen,10.0
CUST01195,Isha Verma,23,Female,32140.7,19946.61,10,2026-07-10,2602.16,33.1,Books,6.0
CUST01196,Rohan Mehta,33,Male,30891.48,14128.67,5,2026-08-06,2899.66,62.88,Electronics,6.0
CUST01197,Rahul Shukla,27,Male,139422.75,19494.25,8,2026-06-08,3140.83,71.29,Fashion,6.0
CUST01198,Meera Sharma,32,Female,61793.22,18125.92,7,2026-07-15,2756.19,37.11,Fashion,7.0
CUST01199,Sameer Yadav,40,Female,72600.01,23893.67,9,2026-06-09,2496.99,31.69,Beauty,7.0
CUST01200,Sameer Mishra,21,Male,67005.25,16883.73,10,2026-04-23,2046.37,17.42,Books,7.0
CUST01201,Sameer Mehta,18,Male,48852.48,5501.6,6,2026-06-18,1284.52,92.48,Books,7.0
CUST01202,Sameer Jaiswal,42,Female,36242.17,12908.02,11,2026-06-26,1653.42,62.87,Books,5.0
CUST01203,Krishna Verma,22,Male,43039.28,24539.75,10,2026-04-16,2681.72,6.45,Fashion,7.0
CUST01204,Sakshi Kumar,23,Female,18000.0,5259.76,4,2026-07-30,1257.3,66.95,Fashion,6.0
CUST01205,Sameer Verma,44,Male,71578.22,9757.14,10,2026-08-04,1258.65,47.0,Beauty,7.0
CUST01206,Sneha Mehta,31,Female,29798.24,10165.17,6,2026-06-16,1954.85,1.9,Home & Kitchen,6.0
CUST01207,Ananya Yadav,38,Male,74613.72,8469.93,11,2026-05-02,1051.49,71.02,Electronics,7.0
CUST01208,Neha Malhotra,34,Female,52081.9,9438.56,6,2026-06-14,2388.74,8.1,Sports,8.0
CUST01209,Neha Tiwari,22,Male,25808.17,3734.29,7,2026-07-08,495.98,43.87,Fashion,8.0
CUST01210,Meera Singh,18,Female,49204.49,8652.91,5,2026-08-04,1788.5,39.89,Sports,8.0
CUST01211,Pooja Pandey,23,Male,242770.17,38569.92,8,2026-07-28,5870.26,27.82,Sports,8.0
CUST01212,Ananya Verma,43,Male,45334.86,17350.65,12,2026-07-12,2113.12,35.34,Books,8.0
CUST01213,Varun Verma,21,Female,65077.83,16675.72,10,2026-06-03,2467.9,38.77,Books,7.0
CUST01214,Aditya Verma,38,Female,29923.33,4737.66,5,2026-04-09,1074.57,54.73,Electronics,8.0
CUST01215,Ankit Sinha,38,Female,66526.53,24881.17,8,2026-07-20,2311.32,30.71,Sports,6.0
CUST01216,Shreya Srivastava,31,Male,31363.43,22905.04,7,2026-08-04,2466.93,22.59,Electronics,7.0
CUST01217,Karan Srivastava,24,Male,67154.71,16978.23,6,2026-07-23,2381.99,18.29,Beauty,8.0
CUST01218,Tanvi Shukla,35,Male,47660.56,22966.8,6,2026-07-02,3241.4,10.52,Electronics,5.0
CUST01219,Akash Pandey,30,Female,46220.15,31756.49,13,2026-05-24,2493.75,36.12,Home & Kitchen,9.0
CUST01220,Sameer Yadav,18,Female,31243.52,23555.35,13,2026-08-01,1781.22,47.32,Sports,7.0
CUST01221,Shreya Rai,33,Male,37501.82,12906.16,9,2026-07-14,1973.84,31.13,Electronics,7.0
CUST01222,Riya Sinha,40,Female,36364.05,38097.26,12,2026-08-01,2744.32,24.5,Beauty,5.0
CUST01223,Rahul Srivastava,24,Female,57739.47,15829.67,9,2026-07-22,2114.61,18.67,Fashion,7.0
CUST01224,Rohan Malhotra,36,Female,45932.09,17739.41,7,2026-08-04,2499.72,39.06,Beauty,6.0
CUST01225,Ayush Sinha,25,Male,86185.02,19531.01,5,2026-06-15,3079.23,19.81,Fashion,7.0
CUST01226,Meera Gupta,30,Male,36600.0,17803.0,9,2026-07-02,2699.59,21.07,Books,9.0
CUST01227,Manish Chauhan,39,Male,61966.82,19314.23,10,2026-07-16,1596.62,34.5,Electronics,6.0
CUST01228,Suraj Yadav,44,Female,45793.12,15715.75,5,2026-06-15,3512.86,21.63,Electronics,10.0
CUST01229,Diya Singh,39,Male,67367.84,15882.83,8,2026-06-26,1752.28,14.92,Home & Kitchen,8.0
CUST01230,Karan Sharma,41,Female,61973.58,21459.99,9,2026-07-31,2373.33,77.31,Electronics,8.0
CUST01231,Shreya Sharma,28,Female,48532.65,11755.78,6,2026-08-01,2204.05,30.72,Fashion,6.0
CUST01232,Karan Malhotra,41,Male,35539.5,19469.06,9,2026-07-27,2454.42,47.84,Beauty,5.0
CUST01233,Neha Kumar,30,Male,24061.03,22013.41,11,2026-08-03,1816.06,14.06,Books,6.0
CUST01234,Pooja Agarwal,26,Female,48553.26,23356.12,7,2026-06-24,2618.08,37.65,Beauty,6.0
CUST01235,Aditi Rai,21,Female,86173.19,24940.04,8,2026-06-02,2399.09,48.77,Home & Kitchen,8.0
CUST01236,Aarav Yadav,47,Female,34204.05,12564.94,7,2026-05-25,1728.24,41.6,Sports,8.0
CUST01237,Vikas Srivastava,23,Female,102381.49,27151.49,9,2026-07-25,2493.92,51.68,Electronics,7.0
CUST01238,Aarav Agarwal,44,Male,47703.28,9343.88,9,2026-07-09,1226.73,37.01,Beauty,8.0
CUST01239,Krishna Mishra,32,Male,45606.46,22343.88,7,2026-06-30,3040.89,27.87,Sports,6.0
CUST01240,Sneha Sinha,23,Male,67806.55,13713.17,5,2026-05-21,2184.99,24.87,Books,5.0
CUST01241,Diya Chauhan,37,Female,57201.77,22282.91,9,2026-06-28,2158.78,37.21,Electronics,6.0
CUST01242,Kavya Mehta,44,Female,48430.42,10042.74,6,2026-08-03,1324.27,49.07,Home & Kitchen,8.0
CUST01243,Ankit Gupta,32,Male,47590.87,28105.12,9,2026-07-21,3068.87,48.89,Home & Kitchen,6.0
CUST01244,Yash Singh,42,Male,54916.64,19922.84,7,2026-07-26,2382.78,35.9,Beauty,8.0
CUST01245,Vikas Rai,20,Male,30277.21,26777.39,11,2026-07-19,2012.96,35.07,Fashion,7.0
CUST01246,Neha Rai,23,Male,38772.14,30355.56,11,2026-04-18,3107.37,37.79,Home & Kitchen,8.0
CUST01247,Varun Gupta,30,Female,37374.99,3437.45,3,2026-07-16,1527.13,31.68,Sports,7.0
CUST01248,Aditi Mehta,41,Male,30715.54,30332.37,13,2026-07-17,2939.98,28.55,Beauty,8.0
CUST01249,Yash Verma,35,Male,78356.85,9670.66,6,2026-07-12,2468.73,50.94,Books,7.0
CUST01250,Vikas Verma,41,Male,22108.09,11316.74,5,2026-06-20,2562.37,12.91,Electronics,8.0
CUST01251,Sneha Sinha,39,Female,44700.9,13791.08,11,2026-02-15,1883.23,31.4,Books,6.0
CUST01252,Arjun Sinha,27,Male,43493.56,10064.0,4,2026-07-01,2876.69,61.86,Home & Kitchen,6.0
CUST01253,Sakshi Gupta,20,Female,54329.47,29083.02,10,2026-06-13,2442.0,21.28,Home & Kitchen,7.0
CUST01254,Akash Sharma,36,Male,45818.32,12419.46,8,2026-08-01,2042.01,21.79,Sports,6.0
CUST01255,Kavya Shukla,42,Male,92331.78,21605.13,10,2026-07-28,2718.98,49.71,Home & Kitchen,5.0
CUST01256,Sameer Sinha,47,Female,37812.51,2898.8,3,2026-08-07,1289.92,49.66,Sports,8.0
CUST01257,Isha Agarwal,44,Male,54458.04,4726.29,6,2026-06-04,1023.15,62.8,Sports,9.0
CUST01258,Aarav Malhotra,24,Female,84416.12,15217.41,8,2026-06-28,2774.84,47.32,Books,7.0
CUST01259,Aditi Singh,38,Male,72574.95,16667.57,9,2026-07-06,2557.42,57.84,Beauty,7.0
CUST01260,Riya Mehta,42,Female,34174.26,19672.7,11,2026-06-24,2306.79,39.97,Sports,6.0
CUST01261,Tanvi Yadav,32,Female,18000.0,16720.34,11,2026-04-11,1749.76,33.34,Books,8.0
CUST01262,Sneha Mehta,36,Male,28103.8,21086.99,7,2026-05-20,2262.3,31.28,Sports,7.0
CUST01263,Suraj Mehta,30,Male,37727.26,9759.53,5,2026-08-03,2729.78,47.04,Electronics,5.0
CUST01264,Rohan Mehta,31,Female,56190.08,14659.14,9,2026-07-25,1878.06,66.39,Beauty,5.0
CUST01265,Ananya Pandey,30,Male,47897.45,10119.47,4,2026-07-05,1926.47,0.0,Home & Kitchen,7.0
CUST01266,Yash Agarwal,18,Female,18057.72,25457.06,16,2026-04-28,2044.16,65.08,Home & Kitchen,3.0
CUST01267,Aditya Malhotra,18,Female,51782.11,14069.49,7,2026-03-20,2027.66,54.31,Electronics,7.0
CUST01268,Varun Mishra,36,Female,59208.17,14150.47,6,2026-05-11,2394.19,18.44,Home & Kitchen,6.0
CUST01269,Ananya Rai,44,Female,56354.25,37377.26,12,2026-05-18,2902.57,38.1,Electronics,4.0
CUST01270,Suraj Gupta,43,Female,43103.92,16312.84,8,2026-05-18,1668.27,17.08,Home & Kitchen,7.0
CUST01271,Pooja Mehta,48,Male,37198.65,14598.89,7,2026-05-09,1731.18,48.54,Beauty,5.0
CUST01272,Ayush Shukla,40,Female,66755.13,14360.7,6,2026-08-01,2929.55,41.25,Fashion,4.0
CUST01273,Karan Yadav,34,Female,61026.5,6572.03,4,2026-06-18,1788.46,27.89,Books,4.0
CUST01274,Manish Agarwal,30,Female,23023.54,25393.33,11,2026-07-22,1925.31,26.36,Sports,5.0
CUST01275,Sakshi Singh,42,Male,31996.27,19699.51,10,2026-08-08,2554.53,6.04,Books,7.0
CUST01276,Riya Mehta,18,Female,70352.72,17845.19,10,2026-08-06,2444.46,50.24,Home & Kitchen,9.0
CUST01277,Ankit Sinha,30,Male,45075.72,25667.81,10,2026-05-21,2094.62,53.62,Beauty,5.0
CUST01278,Sakshi Jaiswal,36,Male,41420.82,15240.78,6,2026-05-13,2376.66,70.69,Home & Kitchen,7.0
CUST01279,Aditi Singh,24,Female,105381.99,23656.75,6,2026-07-04,3579.5,54.27,Fashion,5.0
CUST01280,Vikas Sharma,38,Male,56741.59,11275.12,4,2026-06-25,2217.62,58.7,Fashion,9.0
CUST01281,Isha Jaiswal,29,Male,31068.13,16039.15,10,2026-02-24,1658.51,16.18,Sports,7.0
CUST01282,Sakshi Agarwal,52,Female,41464.64,25071.84,13,2026-07-20,2450.68,29.71,Home & Kitchen,8.0
CUST01283,Yash Chauhan,23,Female,29857.08,18976.89,11,2026-05-23,1334.29,31.99,Books,6.0
CUST01284,Rahul Sharma,18,Female,85787.65,19412.63,6,2026-05-23,2408.75,11.06,Sports,9.0
CUST01285,Varun Sinha,40,Female,22987.33,17843.03,11,2026-05-18,1304.62,57.18,Electronics,6.0
CUST01286,Aditi Sharma,26,Female,23143.64,28989.74,11,2026-07-04,2057.72,5.23,Books,7.0
CUST01287,Isha Sharma,54,Female,27212.64,23465.37,12,2026-08-03,2690.53,3.6,Fashion,7.0
CUST01288,Krishna Agarwal,31,Female,35345.12,31085.97,12,2026-04-22,2269.27,32.13,Books,5.0
CUST01289,Manish Shukla,31,Female,32444.6,12913.8,6,2026-08-02,2303.84,76.75,Fashion,8.0
CUST01290,Arjun Shukla,32,Male,39647.55,15798.9,11,2026-06-24,1461.98,34.3,Beauty,6.0
CUST01291,Ananya Sinha,24,Female,56803.4,15572.41,5,2026-06-29,2515.79,13.19,Books,6.0
CUST01292,Aditya Sharma,46,Male,67407.85,12002.55,9,2026-08-03,1792.51,38.24,Fashion,6.0
CUST01293,Ananya Singh,18,Female,71318.35,22759.92,10,2026-07-24,2049.43,68.11,Fashion,7.0
CUST01294,Vikas Chauhan,29,Female,41352.41,7525.19,3,2026-07-24,2003.34,42.87,Sports,7.0
CUST01295,Manish Shukla,28,Male,18000.0,17989.52,7,2026-07-01,2654.68,40.37,Beauty,7.0
CUST01296,Ankit Chauhan,31,Female,71730.58,19767.53,7,2026-05-16,3142.19,56.02,Sports,6.0
CUST01297,Varun Tiwari,21,Male,63959.81,18733.11,6,2026-06-12,2960.66,47.87,Books,8.0
CUST01298,Pooja Srivastava,23,Female,74176.33,13037.7,6,2026-06-01,2317.6,26.67,Electronics,6.0
CUST01299,Sameer Srivastava,18,Male,49500.08,20869.96,6,2026-08-05,3319.95,18.24,Electronics,7.0
CUST01300,Aditya Kumar,60,Female,55258.63,12787.35,6,2026-06-29,1610.64,54.13,Books,5.0
CUST01301,Aditya Rai,27,Female,63745.38,15886.11,8,2026-07-22,2035.73,51.91,Sports,5.0
CUST01302,Rohan Singh,18,Male,46626.54,4129.64,9,2026-06-07,558.44,65.66,Books,9.0
CUST01303,Vikas Agarwal,26,Female,35464.58,21681.53,12,2026-06-22,1674.31,20.1,Sports,10.0
CUST01304,Nikhil Malhotra,32,Male,45341.67,23145.68,13,2026-06-10,1820.1,22.0,Sports,6.0
CUST01305,Suraj Sinha,26,Female,41654.32,28500.9,10,2026-08-06,3016.89,37.08,Home & Kitchen,7.0
CUST01306,Yash Sinha,24,Male,25825.01,16428.83,10,2026-06-09,2434.88,4.95,Books,7.0
CUST01307,Neha Mishra,34,Female,51373.11,9793.48,6,2026-07-25,2355.36,16.87,Sports,7.0
CUST01308,Isha Sharma,33,Male,61615.21,12396.59,5,2026-07-30,2234.78,63.87,Home & Kitchen,7.0
CUST01309,Nikhil Singh,54,Female,38050.73,9011.5,9,2026-07-05,1414.72,17.31,Home & Kitchen,6.0
CUST01310,Diya Pandey,40,Female,42237.84,5922.9,6,2026-05-06,1329.0,28.69,Home & Kitchen,8.0
CUST01311,Riya Mishra,27,Male,50754.25,13435.64,9,2026-04-22,1277.03,44.95,Sports,7.0
CUST01312,Kavya Mishra,31,Male,35111.15,17848.34,5,2026-08-08,3211.84,12.37,Home & Kitchen,6.0
CUST01313,Suraj Rai,28,Male,20576.48,15338.4,7,2026-06-02,2214.58,20.24,Electronics,8.0
CUST01314,Ananya Kumar,41,Female,50376.13,14731.64,5,2026-05-04,2200.64,24.53,Beauty,8.0
CUST01315,Ayush Mehta,41,Female,77662.6,16587.36,6,2026-08-04,2324.61,28.5,Books,7.0
CUST01316,Shreya Srivastava,23,Male,48114.22,8611.78,6,2026-07-12,1799.52,23.97,Electronics,7.0
CUST01317,Akash Verma,37,Female,63941.96,18750.47,12,2026-08-04,1325.49,25.66,Fashion,8.0
CUST01318,Isha Malhotra,28,Female,83066.25,12242.77,6,2026-08-01,2196.12,57.46,Books,7.0
CUST01319,Sameer Jaiswal,26,Male,127756.76,19775.0,7,2026-06-23,3084.53,34.21,Beauty,5.0
CUST01320,Varun Chauhan,34,Female,33930.14,20108.98,12,2026-05-26,2229.56,34.23,Electronics,8.0
CUST01321,Meera Jaiswal,24,Female,21399.86,18215.61,7,2026-08-05,2003.17,27.98,Books,7.0
CUST01322,Sakshi Verma,28,Female,105745.33,46636.98,10,2026-03-04,3524.47,28.56,Electronics,7.0
CUST01323,Manish Pandey,19,Female,56265.98,28816.63,7,2026-07-29,3120.27,62.07,Home & Kitchen,6.0
CUST01324,Akash Pandey,33,Female,39079.1,10981.86,6,2026-07-20,2186.85,13.6,Books,8.0
CUST01325,Sakshi Tiwari,53,Female,34978.98,18541.33,7,2026-06-22,2722.89,46.33,Books,5.0
CUST01326,Sakshi Mishra,25,Male,46431.86,27504.41,11,2026-06-08,2465.96,60.02,Home & Kitchen,6.0
CUST01327,Tanvi Singh,29,Male,58486.21,3910.18,8,2026-07-07,436.03,26.91,Electronics,4.0
CUST01328,Akash Mehta,36,Female,56228.67,16791.86,12,2026-08-05,1947.86,11.33,Home & Kitchen,8.0
CUST01329,Diya Yadav,41,Male,18000.0,20899.77,6,2026-07-31,3008.87,42.5,Electronics,7.0
CUST01330,Aditi Yadav,36,Male,40961.79,27882.48,14,2026-07-07,1837.99,42.12,Sports,7.0
CUST01331,Akash Singh,37,Male,40014.77,25891.87,13,2026-06-29,1738.47,68.39,Sports,5.0
CUST01332,Sneha Mishra,18,Male,30366.96,4972.11,3,2026-07-03,1814.96,36.78,Electronics,6.0
CUST01333,Meera Singh,33,Male,30317.1,5930.3,5,2026-07-07,1433.59,11.42,Books,9.0
CUST01334,Diya Chauhan,39,Female,31042.71,21389.91,12,2026-07-16,1375.5,45.42,Books,7.0
CUST01335,Sneha Singh,27,Female,47894.91,8567.23,4,2026-08-03,2580.07,40.67,Home & Kitchen,7.0
CUST01336,Karan Verma,48,Male,51025.68,16454.6,10,2026-07-12,1792.52,16.54,Home & Kitchen,7.0
CUST01337,Aditya Malhotra,34,Female,34575.07,27441.03,12,2026-08-06,2952.36,51.93,Fashion,7.0
CUST01338,Neha Gupta,24,Female,54527.41,16348.19,10,2026-06-11,2109.69,24.06,Fashion,9.0
CUST01339,Rohan Gupta,32,Female,47866.05,12664.15,7,2026-07-26,2253.37,53.55,Beauty,8.0
CUST01340,Aditya Singh,35,Female,32119.63,16579.15,9,2026-06-27,2550.36,36.73,Sports,8.0
CUST01341,Aarav Malhotra,38,Female,105070.2,47447.49,11,2026-03-10,3612.37,44.96,Fashion,9.0
CUST01342,Sakshi Jaiswal,29,Male,49537.62,34640.15,10,2026-06-29,2658.44,70.78,Home & Kitchen,5.0
CUST01343,Vikas Jaiswal,36,Male,40113.6,31258.04,10,2026-07-19,2741.84,49.44,Sports,9.0
CUST01344,Sneha Malhotra,30,Male,36213.94,40369.75,11,2026-07-11,3630.88,24.76,Beauty,9.0
CUST01345,Shreya Singh,26,Female,67454.65,15542.79,10,2026-07-19,1666.36,,Sports,9.0
CUST01346,Sameer Malhotra,37,Male,83051.07,12537.76,6,2026-07-12,3203.4,22.65,Electronics,8.0
CUST01347,Isha Jaiswal,33,Female,63321.74,23893.43,9,2026-05-15,3005.21,21.29,Electronics,8.0
CUST01348,Varun Agarwal,28,Male,37401.17,26904.42,11,2026-07-16,2700.37,96.43,Electronics,4.0
CUST01349,Isha Yadav,28,Female,82857.24,27268.11,8,2026-08-06,2882.91,21.91,Fashion,6.0
CUST01350,Sakshi Yadav,30,Male,116377.78,50423.47,12,2026-07-29,3165.89,32.35,Home & Kitchen,7.0
CUST01351,Rohan Srivastava,32,Female,57075.01,23873.94,7,2026-04-18,2669.67,13.57,Beauty,4.0
CUST01352,Meera Yadav,32,Male,51185.67,34633.22,13,2026-07-18,2098.29,73.36,Fashion,6.0
CUST01353,Shreya Tiwari,31,Male,27320.08,5884.24,7,2026-08-07,1070.61,33.8,Beauty,8.0
CUST01354,Pooja Sinha,43,Female,37317.79,17369.08,12,2026-07-27,2085.34,23.75,Beauty,6.0
CUST01355,Aarav Verma,38,Female,26076.13,11427.81,5,2026-07-18,1722.87,38.77,Home & Kitchen,8.0
CUST01356,Shreya Verma,18,Male,18000.0,29227.95,9,2026-06-05,3663.74,6.15,Beauty,9.0
CUST01357,Rohan Rai,28,Male,67884.3,14440.85,6,2026-04-22,3015.39,40.74,Beauty,6.0
CUST01358,Ayush Singh,36,Male,34178.98,28154.57,9,2026-08-04,2676.64,65.78,Electronics,8.0
CUST01359,Aarav Malhotra,24,Male,39604.71,14013.13,7,2026-08-04,2017.56,61.15,Sports,7.0
CUST01360,Rohan Kumar,38,Male,59088.99,32809.41,16,2026-08-03,2501.09,34.87,Electronics,8.0
CUST01361,Vikas Sinha,39,Male,69408.03,24810.23,9,2026-07-15,2522.45,37.8,Electronics,6.0
CUST01362,Tanvi Singh,34,Female,51813.74,22550.69,9,2026-07-09,2324.64,75.16,Electronics,8.0
CUST01363,Suraj Tiwari,28,Male,53113.92,28677.87,13,2026-07-26,2210.41,12.74,Electronics,6.0
CUST01364,Suraj Jaiswal,34,Male,49294.72,24212.18,10,2026-05-05,2553.09,18.76,Home & Kitchen,7.0
CUST01365,Rahul Shukla,26,Male,45433.16,38345.08,11,2026-07-28,2614.9,13.67,Fashion,7.0
CUST01366,Suraj Yadav,30,Female,25203.3,14997.08,6,2026-07-28,2023.08,36.03,Electronics,6.0
CUST01367,Akash Pandey,22,Male,30772.87,19999.81,9,2026-08-08,2511.38,89.86,Fashion,7.0
CUST01368,Kavya Shukla,36,Female,47079.21,8831.0,6,2026-06-29,1917.36,49.08,Fashion,6.0
CUST01369,Rahul Verma,18,Female,39588.91,23029.26,12,2026-06-23,2338.8,32.74,Fashion,7.0
CUST01370,Rohan Jaiswal,35,Male,54557.62,31926.95,10,2026-07-29,2652.32,23.66,Fashion,8.0
CUST01371,Aditya Sharma,48,Male,32175.32,17034.82,10,2026-05-10,1345.84,54.92,Electronics,6.0
CUST01372,Sameer Sinha,45,Male,60951.11,38164.8,11,2026-07-20,2672.37,25.25,Beauty,4.0
CUST01373,Arjun Kumar,41,Female,43250.39,16790.56,7,2026-06-22,2114.0,37.13,Books,8.0
CUST01374,Manish Tiwari,43,Female,32743.59,22704.12,9,2026-05-15,2482.56,30.36,Fashion,5.0
CUST01375,Sameer Malhotra,31,Male,60428.32,15120.57,8,2026-07-13,1770.74,75.03,Sports,7.0
CUST01376,Suraj Sinha,43,Male,51785.23,11862.59,4,2026-02-04,2723.19,,Home & Kitchen,7.0
CUST01377,Ayush Yadav,50,Female,56215.43,13481.24,8,2026-06-21,2579.85,64.33,Electronics,6.0
CUST01378,Varun Shukla,18,Male,48039.73,24694.73,10,2026-02-23,2279.7,43.22,Sports,9.0
CUST01379,Rohan Yadav,20,Male,53061.39,3785.93,3,2026-05-08,1294.4,35.61,Home & Kitchen,7.0
CUST01380,Suraj Kumar,23,Male,30809.5,5890.66,6,2026-05-14,1249.71,27.29,Books,7.0
CUST01381,Ankit Verma,30,Female,56850.16,19596.58,7,2026-07-15,2804.39,12.22,Electronics,7.0
CUST01382,Manish Pandey,25,Female,75052.72,10986.45,5,2026-06-10,2586.43,35.21,Home & Kitchen,7.0
CUST01383,Shreya Verma,39,Female,54318.27,10031.49,10,2026-06-20,1474.52,17.46,Sports,7.0
CUST01384,Aarav Malhotra,34,Male,51378.98,17462.91,11,2026-04-17,2087.13,31.72,Sports,8.0
CUST01385,Ayush Mehta,33,Male,37086.82,10328.95,9,2026-08-05,1640.45,18.02,Sports,9.0
CUST01386,Shreya Agarwal,18,Female,78708.12,23081.63,6,2026-07-13,4077.97,10.8,Fashion,7.0
CUST01387,Akash Tiwari,38,Male,30334.8,6196.39,3,2026-08-05,2351.68,51.45,Books,8.0
CUST01388,Krishna Tiwari,46,Female,18000.0,21720.46,12,2026-04-19,1437.77,62.06,Electronics,8.0
CUST01389,Aditi Chauhan,32,Female,59822.87,998.82,1,2026-07-13,942.67,65.89,Fashion,8.0
CUST01390,Meera Mishra,30,Male,68324.09,23251.45,8,2026-06-25,2236.54,14.36,Beauty,6.0
CUST01391,Shreya Yadav,32,Female,49630.9,11097.26,8,2026-08-08,1860.75,53.24,Books,7.0
CUST01392,Arjun Agarwal,44,Female,57227.76,23667.51,7,2026-06-23,2536.65,0.0,Fashion,5.0
CUST01393,Aditi Pandey,21,Male,42525.98,23784.92,11,2026-07-19,1905.84,61.93,Fashion,6.0
CUST01394,Meera Chauhan,34,Male,57047.52,23101.89,11,2026-06-03,1685.32,2.76,Fashion,9.0
CUST01395,Isha Mishra,21,Female,60649.77,16485.7,6,2026-07-02,3417.87,40.54,Books,7.0
CUST01396,Pooja Tiwari,33,Male,109989.87,33664.91,15,2026-06-03,2127.96,53.84,Electronics,8.0
CUST01397,Neha Yadav,35,Female,30310.22,9702.33,5,2026-06-22,1552.52,40.84,Sports,8.0
CUST01398,Diya Sharma,26,Female,62149.61,30497.52,11,2026-07-23,2243.32,31.23,Books,6.0
CUST01399,Ayush Tiwari,20,Female,39741.91,13979.56,11,2026-07-01,1090.57,17.22,Home & Kitchen,8.0
CUST01400,Vikas Kumar,19,Female,68403.09,21414.92,9,2026-08-07,2254.05,21.02,Sports,6.0
CUST01401,Aditi Verma,22,Male,26157.16,17660.19,7,2026-05-18,2676.97,0.0,Beauty,7.0
CUST01402,Krishna Malhotra,26,Male,33604.49,22920.17,9,2026-08-03,2686.41,59.21,Books,6.0
CUST01403,Ayush Singh,29,Male,31060.63,21896.67,7,2026-08-05,3235.82,37.36,Sports,7.0
CUST01404,Manish Yadav,30,Male,60150.18,21164.44,8,2026-08-03,2330.45,60.74,Fashion,8.0
CUST01405,Rohan Singh,23,Female,32003.39,7041.89,5,2026-08-02,1643.28,17.2,Electronics,6.0
CUST01406,Ankit Mehta,30,Female,63188.55,32163.81,10,2026-06-09,2876.07,48.79,Sports,7.0
CUST01407,Meera Kumar,36,Male,22793.85,6894.25,7,2026-06-26,738.58,46.43,Books,6.0
CUST01408,Varun Srivastava,32,Female,28268.07,31644.77,13,2026-05-20,3122.94,12.81,Books,5.0
CUST01409,Aarav Singh,47,Female,46430.09,15540.42,4,2026-07-13,3399.84,23.62,Beauty,9.0
CUST01410,Isha Chauhan,27,Female,64993.12,15625.93,8,2026-06-15,1911.86,77.23,Home & Kitchen,7.0
CUST01411,Aditya Agarwal,43,Male,59671.17,6994.18,3,2026-07-23,1940.59,29.85,Books,8.0
CUST01412,Yash Srivastava,34,Male,35559.02,20966.23,8,2026-05-01,2594.02,37.3,Electronics,4.0
CUST01413,Meera Verma,33,Male,71012.51,34877.72,12,2026-06-14,3165.86,22.66,Home & Kitchen,8.0
CUST01414,Pooja Singh,34,Female,53485.46,15075.37,12,2026-08-08,1625.86,55.97,Sports,7.0
CUST01415,Karan Tiwari,31,Male,31826.93,11586.86,6,2026-08-06,2585.6,64.6,Sports,6.0
CUST01416,Shreya Yadav,52,Male,41227.57,24153.32,9,2026-06-24,2430.17,0.0,Books,7.0
CUST01417,Vikas Pandey,30,Male,44258.13,14362.26,7,2026-07-31,2346.67,19.83,Sports,4.0
CUST01418,Aditya Srivastava,31,Female,33854.92,30712.23,13,2026-08-06,2799.14,32.54,Home & Kitchen,8.0
CUST01419,Nikhil Gupta,28,Female,56142.03,5957.84,4,2026-06-09,1503.96,31.86,Beauty,6.0
CUST01420,Kavya Singh,27,Female,49352.83,8130.33,6,2026-06-30,1402.19,46.86,Fashion,6.0
CUST01421,Krishna Mishra,18,Female,49938.47,21734.91,10,2026-04-17,3056.45,39.8,Home & Kitchen,10.0
CUST01422,Diya Gupta,29,Male,35607.66,12969.06,9,2026-08-03,1983.34,24.23,Books,7.0
CUST01423,Varun Yadav,41,Male,79820.89,20523.83,7,2026-06-26,2939.53,55.84,Sports,4.0
CUST01424,Sakshi Shukla,19,Male,72675.39,31733.47,12,2026-07-23,3092.14,9.91,Fashion,6.0
CUST01425,Meera Sharma,18,Female,72496.43,6874.96,5,2026-08-08,1540.28,42.69,Home & Kitchen,7.0
CUST01426,Varun Tiwari,29,Male,57573.15,6280.07,5,2026-04-17,1809.65,38.17,Sports,8.0
CUST01427,Karan Agarwal,31,Female,51074.23,25796.31,10,2026-07-06,2749.6,0.0,Beauty,7.0
CUST01428,Rahul Kumar,43,Female,60916.89,20855.69,13,2026-05-31,1652.87,32.35,Home & Kitchen,6.0
CUST01429,Ayush Malhotra,33,Male,46328.42,20488.52,5,2026-08-03,3407.69,18.19,Home & Kitchen,6.0
CUST01430,Aditi Kumar,30,Female,48493.05,30421.59,11,2026-05-25,2326.33,59.31,Home & Kitchen,5.0
CUST01431,Ankit Mishra,39,Female,31712.65,7840.9,5,2026-05-04,1618.1,63.91,Books,6.0
CUST01432,Ankit Kumar,18,Female,65768.65,14518.2,7,2026-04-13,2667.23,69.58,Fashion,9.0
CUST01433,Karan Kumar,22,Male,28682.12,28819.59,16,2026-07-20,2461.22,71.22,Beauty,6.0
CUST01434,Arjun Shukla,28,Female,22758.39,16553.75,9,2026-07-01,2023.95,33.91,Books,6.0
CUST01435,Kavya Kumar,18,Male,31290.96,5394.92,3,2025-12-02,1611.55,19.76,Home & Kitchen,7.0
CUST01436,Ankit Shukla,39,Female,53160.77,23161.51,10,2026-07-29,2253.27,37.95,Home & Kitchen,10.0
CUST01437,Krishna Malhotra,18,Male,24724.21,34792.7,14,2026-07-17,1920.1,41.58,Fashion,7.0
CUST01438,Ananya Sharma,51,Female,37266.76,37338.95,9,2026-08-08,3192.67,85.39,Books,7.0
CUST01439,Isha Malhotra,31,Female,43110.3,18608.58,10,2026-07-13,1686.98,40.67,Home & Kitchen,4.0
CUST01440,Shreya Mehta,18,Male,54854.37,31964.47,10,2026-03-27,2642.34,79.17,Home & Kitchen,4.0
CUST01441,Vikas Verma,33,Male,43737.0,13984.48,5,2026-06-21,2406.66,34.41,Fashion,6.0
CUST01442,Krishna Tiwari,34,Male,19549.47,15985.15,10,2026-05-14,1846.59,36.59,Beauty,7.0
CUST01443,Aditi Yadav,18,Female,46374.23,16949.1,8,2026-08-08,2964.22,33.66,Sports,5.0
CUST01444,Sneha Pandey,40,Male,31902.12,9151.19,5,2026-06-17,1529.15,43.86,Fashion,7.0
CUST01445,Varun Mehta,45,Male,43451.37,15945.71,11,2025-12-25,2045.99,5.76,Books,10.0
CUST01446,Krishna Yadav,26,Male,32726.15,20623.56,6,2026-08-06,2578.42,0.0,Beauty,9.0
CUST01447,Nikhil Verma,21,Female,20192.75,25175.54,13,2026-08-07,1806.14,28.22,Books,8.0
CUST01448,Sameer Chauhan,34,Female,31518.84,7880.96,4,2025-12-19,2122.44,19.33,Home & Kitchen,6.0
CUST01449,Isha Srivastava,25,Female,31276.93,13325.84,10,2026-07-13,1462.8,61.35,Home & Kitchen,9.0
CUST01450,Varun Shukla,37,Female,58992.43,22090.76,8,2026-07-31,2069.56,66.82,Electronics,6.0
CUST01451,Meera Chauhan,27,Male,69052.28,21053.34,10,2026-07-18,1815.73,20.86,Beauty,9.0
CUST01452,Shreya Chauhan,62,Female,32025.4,19158.46,10,2026-06-06,2505.51,48.91,Books,8.0
CUST01453,Rahul Singh,31,Female,51993.1,9095.05,4,2026-05-24,3041.02,12.22,Fashion,8.0
CUST01454,Varun Rai,30,Male,35195.26,21486.41,9,2026-08-01,2768.74,52.11,Home & Kitchen,8.0
CUST01455,Rahul Jaiswal,25,Male,68592.27,25691.56,7,2026-07-22,2816.3,68.25,Electronics,8.0
CUST01456,Yash Pandey,42,Male,85999.43,27166.47,8,2026-06-21,3625.59,29.33,Beauty,9.0
CUST01457,Sameer Kumar,22,Male,32915.81,20396.74,9,2026-07-08,2181.09,12.55,Fashion,9.0
CUST01458,Isha Shukla,36,Male,38101.65,14341.78,7,2026-07-07,1662.2,52.86,Beauty,6.0
CUST01459,Isha Sinha,20,Male,31262.11,15635.52,5,2026-07-17,2550.74,0.0,Beauty,6.0
CUST01460,Suraj Sharma,23,Female,38259.65,18753.64,11,2026-06-23,2112.18,10.91,Fashion,7.0
CUST01461,Rohan Malhotra,51,Female,31040.12,7277.84,6,2026-01-16,1410.24,48.27,Electronics,4.0
CUST01462,Neha Tiwari,34,Female,25073.38,22286.52,9,2026-06-28,2628.72,8.72,Electronics,6.0
CUST01463,Neha Singh,20,Male,27495.7,28444.8,8,2026-07-12,2999.74,55.82,Sports,7.0
CUST01464,Rahul Chauhan,35,Female,28977.7,14777.71,4,2026-07-29,3496.04,54.54,Home & Kitchen,7.0
CUST01465,Tanvi Gupta,36,Female,33207.74,23649.47,9,2026-08-07,1972.79,12.96,Home & Kitchen,6.0
CUST01466,Ankit Verma,34,Male,43889.72,22146.77,10,2026-07-09,1783.59,25.23,Fashion,6.0
CUST01467,Sameer Kumar,32,Female,59379.89,13344.98,7,2026-07-22,1959.87,43.33,Home & Kitchen,7.0
CUST01468,Kavya Chauhan,38,Male,31998.67,7199.3,5,2026-02-16,2095.8,33.07,Books,6.0
CUST01469,Isha Rai,24,Female,72562.49,24081.98,10,2026-08-07,3520.24,63.71,Books,5.0
CUST01470,Sneha Mishra,44,Male,62341.75,11382.54,4,2026-07-25,2818.28,45.41,Electronics,7.0
CUST01471,Varun Agarwal,25,Male,33073.68,23771.17,10,2026-07-21,2306.54,35.44,Books,
CUST01472,Sameer Srivastava,35,Female,55939.52,10820.82,10,2026-08-01,1288.16,5.28,Electronics,8.0
CUST01473,Aarav Kumar,45,Female,55893.07,17683.15,8,2026-04-30,1802.46,36.8,Sports,7.0
CUST01474,Neha Chauhan,53,Female,18000.0,22446.14,11,2026-06-23,2239.64,51.93,Home & Kitchen,7.0
CUST01475,Ananya Rai,47,Male,57555.84,9724.53,6,2026-06-28,2245.77,69.18,Fashion,7.0
CUST01476,Pooja Rai,23,Male,46024.96,31728.87,15,2026-07-25,1753.11,59.56,Sports,8.0
CUST01477,Yash Singh,21,Male,37915.89,24060.34,10,2026-07-07,2553.79,0.0,Electronics,6.0
CUST01478,Neha Srivastava,43,Male,58014.24,44811.17,10,2026-04-24,3456.62,74.09,Home & Kitchen,5.0
CUST01479,Meera Rai,34,Female,43856.37,7841.0,5,2026-06-08,2098.46,12.29,Home & Kitchen,5.0
CUST01480,Aarav Gupta,30,Male,32158.25,7177.81,5,2026-07-21,1251.66,48.42,Fashion,4.0
CUST01481,Ananya Tiwari,44,Male,37464.38,18166.17,12,2026-08-05,1211.3,38.14,Home & Kitchen,9.0
CUST01482,Aditya Chauhan,33,Male,97133.12,12201.97,7,2026-07-15,2187.43,46.66,Books,9.0
CUST01483,Sneha Malhotra,29,Male,26840.56,12278.59,7,2026-06-28,2490.13,59.08,Beauty,5.0
CUST01484,Aditi Rai,38,Male,112032.42,20479.86,11,2026-02-18,2364.36,27.65,Sports,6.0
CUST01485,Yash Pandey,23,Male,64847.6,25089.16,8,2026-07-19,3205.52,40.46,Electronics,7.0
CUST01486,Aarav Gupta,35,Male,23022.17,13897.52,7,2026-02-09,2305.47,45.83,Electronics,7.0
CUST01487,Arjun Mishra,40,Male,78084.49,5225.29,2,2026-08-02,2461.69,13.12,Books,7.0
CUST01488,Ananya Pandey,30,Female,55353.92,25254.18,14,2026-06-29,2690.41,52.23,Sports,8.0
CUST01489,Varun Rai,25,Female,33969.48,26593.17,8,2026-08-07,3707.74,17.31,Books,5.0
CUST01490,Aditya Gupta,26,Male,39398.17,14041.86,7,2026-08-08,1999.11,59.54,Sports,4.0
CUST01491,Sameer Yadav,19,Male,92197.66,19454.83,6,2026-08-06,3178.31,68.7,Home & Kitchen,8.0
CUST01492,Pooja Sharma,41,Male,66691.08,31909.16,11,2026-07-27,2264.22,44.26,Books,6.0
CUST01493,Yash Rai,32,Male,52851.85,2746.84,1,2026-06-05,2117.9,27.69,Books,9.0
CUST01494,Rahul Mishra,41,Female,50694.47,19656.25,10,2026-07-30,2168.31,33.54,Beauty,5.0
CUST01495,Kavya Jaiswal,37,Male,43930.4,17176.55,10,2026-05-15,2211.78,45.4,Beauty,9.0
CUST01496,Manish Gupta,27,Male,108997.11,18231.19,8,2026-08-08,2256.39,45.11,Home & Kitchen,7.0
CUST01497,Nikhil Kumar,19,Male,68063.64,23237.15,8,2026-07-30,2975.67,43.45,Beauty,7.0
CUST01498,Pooja Verma,29,Female,25840.81,4839.91,6,2026-04-29,705.54,32.03,Electronics,6.0
CUST01499,Krishna Sinha,39,Female,28202.37,16656.21,8,2026-06-09,2091.23,69.91,Beauty,5.0
CUST01500,Tanvi Mehta,31,Female,38525.56,63242.93,14,2026-07-15,3994.36,33.53,Fashion,7.0
CUST01501,Varun Chauhan,37,Female,39678.9,11391.73,5,2026-07-19,2669.69,32.02,Fashion,6.0
CUST01502,Suraj Malhotra,26,Male,24051.39,18180.67,7,2026-08-05,2034.93,44.69,Books,8.0
CUST01503,Sakshi Malhotra,24,Female,50283.67,13657.16,7,2026-07-02,2515.8,36.15,Books,7.0
CUST01504,Nikhil Singh,37,Male,44362.42,2472.43,7,2026-06-18,380.83,23.48,Electronics,3.0
CUST01505,Sameer Gupta,38,Male,65198.96,13133.68,10,2026-08-04,1417.76,48.72,Books,6.0
CUST01506,Arjun Agarwal,35,Male,75667.34,31012.71,13,2026-07-19,3431.04,1.98,Fashion,8.0
CUST01507,Tanvi Chauhan,31,Female,41271.08,9776.73,5,2026-08-08,2656.96,31.98,Books,8.0
CUST01508,Sameer Pandey,36,Female,33939.37,14640.91,8,2026-06-07,2165.91,24.71,Books,6.0
CUST01509,Sakshi Jaiswal,40,Female,89891.49,20915.61,7,2026-07-30,3322.64,55.6,Beauty,7.0
CUST01510,Meera Gupta,34,Female,24897.95,8777.53,8,2026-08-07,1456.78,11.1,Electronics,7.0
CUST01511,Ayush Kumar,41,Female,66856.91,23416.66,11,2026-07-30,2144.79,21.47,Electronics,7.0
CUST01512,Tanvi Singh,47,Male,32864.79,52374.45,14,2026-07-18,3207.17,0.01,Beauty,9.0
CUST01513,Krishna Agarwal,18,Male,59938.25,18581.89,7,2026-01-01,1995.23,33.09,Fashion,6.0
CUST01514,Akash Singh,32,Female,72041.05,31022.67,11,2026-08-08,2598.4,53.75,Books,6.0
CUST01515,Arjun Sinha,57,Female,68997.11,30337.11,6,2026-06-09,4196.31,48.28,Books,6.0
CUST01516,Diya Shukla,23,Female,50931.75,13932.56,6,2026-08-04,2338.05,37.36,Home & Kitchen,7.0
CUST01517,Aditi Chauhan,30,Male,44685.24,25904.08,6,2026-06-23,3278.65,48.3,Electronics,7.0
CUST01518,Varun Jaiswal,22,Female,39296.87,8918.27,6,2026-07-28,1540.16,33.33,Beauty,5.0
CUST01519,Ankit Shukla,24,Female,50342.78,14164.08,9,2026-07-24,2330.89,26.92,Books,10.0
CUST01520,Ankit Malhotra,33,Female,51677.54,13282.26,8,2026-07-21,1308.04,44.57,Beauty,
CUST01521,Krishna Malhotra,31,Male,18648.05,14527.89,11,2026-07-24,1520.3,7.14,Electronics,7.0
CUST01522,Sakshi Shukla,25,Female,18000.0,38719.13,13,2026-06-12,2678.28,32.38,Sports,6.0
CUST01523,Varun Mishra,33,Female,59414.81,11383.56,6,2026-07-22,1929.8,19.39,Sports,10.0
CUST01524,Neha Jaiswal,33,Male,67660.49,19313.03,8,2026-08-05,2612.78,52.2,Sports,7.0
CUST01525,Isha Agarwal,34,Female,20006.0,27258.62,12,2026-07-22,1914.45,23.17,Electronics,8.0
CUST01526,Ananya Srivastava,51,Male,32207.43,27579.55,7,2026-07-26,3705.3,66.81,Home & Kitchen,6.0
CUST01527,Rohan Agarwal,18,Male,54997.64,41603.57,11,2026-03-16,3189.97,7.08,Beauty,7.0
CUST01528,Kavya Chauhan,46,Male,57463.62,22569.32,9,2026-05-14,2640.51,39.66,Home & Kitchen,8.0
CUST01529,Ayush Tiwari,28,Male,46139.81,11017.17,5,2026-07-21,1979.96,80.17,Books,6.0
CUST01530,Yash Singh,33,Female,45161.3,11523.69,11,2026-06-21,983.88,36.75,Home & Kitchen,8.0
CUST01531,Aarav Shukla,37,Male,43378.66,9916.76,6,2026-03-28,1864.79,22.44,Home & Kitchen,9.0
CUST01532,Varun Chauhan,53,Male,62535.76,26424.72,11,2026-08-07,2469.83,10.98,Sports,6.0
CUST01533,Sameer Malhotra,47,Female,24537.55,34500.3,17,2026-07-16,2425.71,14.65,Sports,7.0
CUST01534,Krishna Jaiswal,31,Male,56863.2,18349.64,5,2026-06-20,2738.68,0.0,Home & Kitchen,7.0
CUST01535,Akash Yadav,20,Male,87940.93,10472.62,3,2026-06-07,2871.19,19.25,Home & Kitchen,7.0
CUST01536,Sneha Agarwal,18,Female,68126.24,25204.95,12,2026-07-18,2096.35,15.9,Fashion,7.0
CUST01537,Manish Yadav,29,Female,26064.02,12806.59,5,2026-07-27,2832.27,12.72,Beauty,7.0
CUST01538,Pooja Yadav,36,Male,60233.62,29562.97,6,2026-07-24,3979.08,41.78,Home & Kitchen,6.0
CUST01539,Rahul Jaiswal,18,Female,30270.3,18858.65,10,2026-07-26,2760.05,49.93,Fashion,6.0
CUST01540,Rahul Gupta,31,Male,62156.08,18093.7,8,2026-06-10,1962.62,31.45,Sports,7.0
CUST01541,Rahul Rai,35,Female,27217.89,13376.52,9,2026-07-08,1766.53,29.3,Beauty,5.0
CUST01542,Suraj Singh,18,Female,97368.38,4995.9,2,2026-06-09,3134.91,24.3,Books,7.0
CUST01543,Isha Chauhan,18,Female,31957.49,33968.32,12,2026-05-02,2821.53,11.49,Books,8.0
CUST01544,Krishna Pandey,36,Female,31605.92,13687.08,8,2026-05-14,2165.53,54.18,Sports,5.0
CUST01545,Pooja Mishra,44,Female,52588.84,19165.76,8,2026-07-27,2138.86,55.24,Electronics,4.0
CUST01546,Arjun Mehta,46,Male,39966.73,45626.68,12,2026-06-17,3608.14,24.77,Home & Kitchen,7.0
CUST01547,Shreya Verma,23,Female,82357.98,16166.9,7,2026-07-16,1770.8,44.33,Sports,7.0
CUST01548,Ananya Tiwari,38,Male,41251.9,10339.39,6,2026-07-24,1904.14,20.86,Fashion,6.0
CUST01549,Manish Agarwal,25,Female,131495.48,22153.45,7,2026-07-04,2550.42,68.47,Electronics,7.0
CUST01550,Diya Sinha,27,Male,31686.91,27738.13,9,2026-07-16,2481.14,26.5,Books,8.0
CUST01551,Riya Tiwari,28,Male,63795.52,4341.07,2,2026-07-30,2616.64,23.38,Beauty,7.0
CUST01552,Arjun Sharma,38,Male,18000.0,6167.29,8,2026-06-23,1056.78,46.99,Fashion,8.0
CUST01553,Pooja Chauhan,36,Female,42672.52,9971.59,5,2026-07-22,2045.64,61.35,Beauty,9.0
CUST01554,Diya Kumar,39,Male,34689.79,12889.3,9,2026-08-04,1809.65,40.95,Electronics,7.0
CUST01555,Diya Shukla,20,Female,57105.88,21610.1,11,2026-07-30,1633.36,40.73,Fashion,7.0
CUST01556,Neha Sharma,30,Male,51191.33,30856.28,7,2026-06-02,3327.7,48.75,Electronics,9.0
CUST01557,Isha Singh,30,Male,35225.29,15271.33,9,2026-08-06,1950.96,24.68,Beauty,7.0
CUST01558,Vikas Singh,25,Female,62061.29,23237.53,8,2026-05-20,2593.08,11.73,Beauty,7.0
CUST01559,Rahul Rai,30,Male,43197.08,17750.3,11,2026-07-25,1979.4,34.65,Electronics,6.0
CUST01560,Aditya Tiwari,31,Female,42313.36,16798.18,11,2026-07-16,1530.91,0.0,Sports,8.0
CUST01561,Karan Agarwal,35,Male,44994.54,9469.54,4,2026-06-24,1987.34,2.08,Sports,8.0
CUST01562,Shreya Tiwari,32,Female,43156.02,32740.74,9,2026-05-25,2996.37,21.24,Beauty,6.0
CUST01563,Ankit Yadav,24,Male,56578.87,16344.29,9,2026-02-19,2418.17,31.42,Home & Kitchen,5.0
CUST01564,Varun Verma,28,Female,35632.08,10778.89,7,2026-07-26,1645.37,35.08,Beauty,8.0
CUST01565,Akash Agarwal,37,Female,28861.34,10566.23,10,2026-07-21,927.08,17.05,Sports,6.0
CUST01566,Ayush Pandey,22,Female,41423.84,11527.46,5,2026-08-03,2346.8,35.36,Fashion,7.0
CUST01567,Kavya Sinha,25,Female,35007.63,18694.58,8,2026-05-15,2378.07,14.08,Electronics,
CUST01568,Sakshi Verma,26,Male,73212.39,43249.57,9,2026-07-20,3878.44,41.87,Books,8.0
CUST01569,Krishna Sinha,36,Male,35614.9,14937.21,8,2026-07-29,2257.5,32.68,Books,8.0
CUST01570,Sakshi Gupta,34,Female,97581.87,13663.93,5,2026-07-18,2131.31,27.09,Sports,7.0
CUST01571,Krishna Sharma,27,Male,56682.35,49610.67,11,2026-07-08,3607.03,40.19,Beauty,7.0
CUST01572,Yash Tiwari,22,Female,51734.73,21497.74,9,2026-08-08,2775.48,73.59,Home & Kitchen,7.0
CUST01573,Ankit Mehta,37,Male,116090.44,41290.91,8,2026-07-23,4123.84,25.96,Books,7.0
CUST01574,Sneha Chauhan,42,Female,90416.19,20953.32,6,2026-07-14,2759.28,23.91,Electronics,9.0
CUST01575,Tanvi Malhotra,18,Female,62737.6,7633.46,3,2026-08-01,2025.04,25.9,Beauty,7.0
CUST01576,Karan Chauhan,43,Female,53766.09,30247.08,10,2026-07-25,2329.3,75.27,Electronics,6.0
CUST01577,Nikhil Singh,25,Male,37489.16,15101.71,7,2026-07-21,1894.21,17.76,Home & Kitchen,6.0
CUST01578,Tanvi Shukla,35,Female,56047.08,32442.36,11,2026-07-28,2752.55,51.7,Books,7.0
CUST01579,Aarav Verma,34,Female,31377.52,20903.04,7,2026-07-11,3087.15,49.16,Books,8.0
CUST01580,Suraj Kumar,19,Male,24992.14,28132.29,12,2026-07-27,2148.6,9.37,Electronics,5.0
CUST01581,Isha Agarwal,33,Female,18000.0,9606.41,8,2026-03-29,1519.9,63.01,Sports,8.0
CUST01582,Ayush Rai,29,Male,28499.31,13182.93,13,2026-07-16,1393.76,26.59,Books,8.0
CUST01583,Sakshi Chauhan,35,Male,41663.17,29402.78,8,2026-08-02,2957.14,28.87,Home & Kitchen,9.0
CUST01584,Shreya Kumar,37,Female,45802.85,7332.7,6,2026-07-20,1240.91,28.67,Home & Kitchen,5.0
CUST01585,Tanvi Agarwal,34,Male,65762.31,12115.44,6,2026-07-24,1785.0,3.23,Home & Kitchen,6.0
CUST01586,Kavya Mishra,26,Male,28607.67,13181.94,6,2026-07-27,3098.37,9.51,Beauty,7.0
CUST01587,Vikas Tiwari,26,Female,18000.0,41149.19,14,2026-07-19,2241.41,38.61,Electronics,7.0
CUST01588,Rohan Tiwari,37,Male,56392.5,35062.8,10,2026-07-09,2705.09,52.61,Electronics,6.0
CUST01589,Sameer Mishra,37,Female,18000.0,4714.18,2,2026-05-23,2988.25,50.39,Electronics,7.0
CUST01590,Riya Pandey,38,Female,39384.99,9920.71,4,2026-07-04,2290.94,8.87,Fashion,9.0
CUST01591,Ankit Gupta,21,Male,38497.4,19529.51,5,2026-07-29,2957.62,26.51,Electronics,7.0
CUST01592,Yash Mehta,22,Female,74361.39,30342.79,7,2026-07-23,3638.46,26.06,Books,7.0
CUST01593,Sameer Yadav,36,Female,45085.26,9915.52,6,2026-07-05,2254.68,37.58,Fashion,9.0
CUST01594,Neha Jaiswal,22,Female,18000.0,8990.57,6,2026-07-17,1759.6,46.83,Fashion,6.0
CUST01595,Riya Yadav,38,Female,68200.32,14910.77,8,2026-05-19,1491.75,43.5,Home & Kitchen,10.0
CUST01596,Manish Kumar,29,Male,48413.87,22422.52,10,2026-06-28,2378.21,20.0,Electronics,10.0
CUST01597,Ayush Mehta,28,Female,54120.3,11568.66,6,2026-07-09,1446.13,11.04,Fashion,8.0
CUST01598,Rohan Mehta,38,Female,91925.56,17148.08,8,2026-08-08,2025.94,50.09,Electronics,5.0
CUST01599,Varun Agarwal,28,Male,50010.32,7501.8,5,2026-07-21,1533.77,48.28,Books,4.0
CUST01600,Sameer Jaiswal,43,Female,55457.09,23431.92,8,2026-08-04,2590.2,29.59,Books,6.0
CUST01601,Diya Singh,18,Female,33992.04,33520.87,11,2026-06-04,2615.14,22.22,Electronics,8.0
CUST01602,Yash Tiwari,21,Male,56588.1,16882.35,7,2026-08-08,3513.24,24.49,Beauty,6.0
CUST01603,Sakshi Verma,39,Female,25476.47,10884.57,10,2026-07-26,807.63,24.92,Electronics,7.0
CUST01604,Krishna Sinha,41,Female,71480.64,7239.14,5,2026-05-16,1443.24,61.92,Beauty,7.0
CUST01605,Vikas Shukla,36,Female,23482.24,21760.47,10,2026-07-18,2930.44,75.16,Electronics,7.0
CUST01606,Nikhil Malhotra,33,Male,42515.43,16772.24,10,2026-07-14,2015.4,30.31,Home & Kitchen,6.0
CUST01607,Karan Rai,27,Female,35980.75,12087.37,9,2026-08-01,1809.19,1.51,Beauty,9.0
CUST01608,Karan Verma,27,Male,27162.39,26999.25,13,2025-08-23,2495.38,26.94,Fashion,7.0
CUST01609,Tanvi Pandey,31,Female,36822.82,19613.68,6,2026-05-26,2594.04,6.94,Books,4.0
CUST01610,Isha Pandey,24,Female,18000.0,11269.23,5,2026-06-16,1735.91,84.32,Sports,7.0
CUST01611,Manish Mishra,43,Female,28400.98,23543.96,9,2026-08-05,2585.28,63.27,Home & Kitchen,5.0
CUST01612,Ananya Shukla,28,Female,34922.78,17655.63,4,2026-05-09,3726.16,20.06,Books,5.0
CUST01613,Ananya Verma,20,Female,84449.7,14918.61,11,2026-06-16,1973.41,0.0,Fashion,4.0
CUST01614,Diya Mishra,36,Male,47814.62,13382.27,11,2026-07-22,1802.05,5.36,Books,7.0
CUST01615,Vikas Malhotra,30,Female,45617.86,25534.18,9,2026-08-08,2969.26,68.13,Electronics,7.0
CUST01616,Sameer Shukla,23,Female,37901.2,8059.05,6,2026-06-11,1493.14,57.66,Beauty,6.0
CUST01617,Varun Kumar,30,Female,62615.11,20201.24,8,2026-07-20,2537.61,26.52,Electronics,7.0
CUST01618,Varun Sinha,37,Female,38248.44,10484.67,11,2026-06-06,1332.14,29.92,Fashion,8.0
CUST01619,Tanvi Pandey,47,Male,38572.67,19885.33,8,2026-06-10,2115.54,37.8,Sports,7.0
CUST01620,Aarav Rai,18,Male,63159.56,22235.16,9,2026-08-08,2334.07,63.57,Sports,8.0
CUST01621,Aditya Tiwari,54,Male,75803.42,11322.13,7,2026-05-08,1717.96,26.73,Beauty,7.0
CUST01622,Aarav Sinha,23,Male,54452.14,15599.07,5,2026-05-04,2454.31,44.37,Books,7.0
CUST01623,Rahul Gupta,29,Male,35064.27,38966.24,13,2026-07-16,3237.22,56.42,Home & Kitchen,8.0
CUST01624,Meera Malhotra,31,Male,43449.31,4931.86,2,2026-06-02,3679.33,29.73,Beauty,7.0
CUST01625,Aarav Agarwal,24,Female,39928.72,22858.08,10,2026-07-27,2144.4,21.95,Electronics,7.0
CUST01626,Shreya Kumar,24,Female,20380.41,12006.47,9,2026-06-22,1520.39,0.0,Fashion,7.0
CUST01627,Isha Agarwal,27,Male,31942.65,66034.24,17,2026-07-09,3207.33,30.5,Electronics,7.0
CUST01628,Riya Jaiswal,45,Male,41514.83,20551.89,12,2026-08-01,1657.93,21.31,Electronics,7.0
CUST01629,Ayush Jaiswal,40,Female,18126.22,13138.68,12,2026-07-23,1321.35,38.41,Electronics,6.0
CUST01630,Ankit Jaiswal,36,Male,73182.34,13843.64,6,2025-12-19,1850.79,46.5,Beauty,7.0
CUST01631,Rohan Kumar,41,Female,40620.45,17198.03,7,2026-08-06,2227.4,33.03,Electronics,8.0
CUST01632,Manish Sinha,23,Female,46233.25,4314.41,4,2026-07-18,1085.56,60.17,Books,7.0
CUST01633,Akash Srivastava,29,Male,25878.58,11203.9,7,2026-07-11,1775.77,30.86,Sports,6.0
CUST01634,Vikas Jaiswal,18,Male,26975.06,19681.59,8,2026-06-17,2478.2,45.19,Beauty,7.0
CUST01635,Manish Singh,33,Female,31647.72,14218.24,9,2026-07-28,1513.02,41.6,Beauty,7.0
CUST01636,Manish Chauhan,32,Female,84453.71,29388.43,8,2026-07-29,3402.36,22.16,Electronics,8.0
CUST01637,Meera Tiwari,25,Male,56208.8,30652.13,12,2026-08-04,2530.71,64.05,Books,7.0
CUST01638,Nikhil Rai,38,Male,35861.32,19337.1,6,2026-08-08,2476.32,50.36,Electronics,7.0
CUST01639,Aditya Malhotra,27,Female,45808.92,14474.9,8,2026-08-02,1850.53,48.75,Home & Kitchen,6.0
CUST01640,Sakshi Sinha,33,Male,23490.18,26894.75,9,2026-04-10,2231.86,13.1,Fashion,6.0
CUST01641,Aditi Shukla,30,Female,50090.54,21092.39,11,2026-06-23,2237.87,34.09,Electronics,7.0
CUST01642,Nikhil Chauhan,32,Male,61151.2,21695.19,8,2026-08-03,2686.67,36.64,Beauty,4.0
CUST01643,Shreya Pandey,34,Male,53014.49,20304.79,12,2026-07-22,1734.99,55.61,Home & Kitchen,9.0
CUST01644,Sneha Rai,22,Female,43809.23,16988.67,10,2026-04-26,1602.86,62.19,Electronics,6.0
CUST01645,Meera Mishra,26,Male,47024.85,7357.45,4,2026-07-17,1574.31,0.0,Fashion,9.0
CUST01646,Manish Sinha,29,Female,62892.72,7858.72,11,2026-07-15,1048.04,28.82,Home & Kitchen,7.0
CUST01647,Meera Pandey,35,Female,46155.23,18372.99,6,2026-05-12,2594.73,46.78,Home & Kitchen,6.0
CUST01648,Aditya Pandey,35,Male,18000.0,14088.63,7,2026-06-23,2522.93,41.36,Books,10.0
CUST01649,Aarav Sharma,35,Male,90263.21,57310.82,15,2026-04-08,4006.38,60.26,Beauty,8.0
CUST01650,Rohan Malhotra,37,Male,75779.65,14492.65,8,2026-07-06,2747.68,0.0,Beauty,4.0
CUST01651,Shreya Malhotra,35,Female,46887.01,23357.4,9,2026-06-21,2062.77,13.75,Home & Kitchen,6.0
CUST01652,Sameer Jaiswal,23,Female,47097.87,37097.47,10,2026-06-02,3272.93,21.96,Home & Kitchen,7.0
CUST01653,Aarav Yadav,32,Male,31163.45,26536.05,11,2026-07-17,3270.73,23.74,Electronics,7.0
CUST01654,Arjun Sharma,29,Male,38713.36,14932.33,6,2026-08-02,2188.42,63.99,Fashion,6.0
CUST01655,Rohan Tiwari,36,Female,69233.19,17201.7,7,2026-08-03,2225.82,33.84,Beauty,6.0
CUST01656,Sneha Mehta,18,Male,41525.66,3718.03,2,2026-06-02,2617.35,30.47,Fashion,5.0
CUST01657,Akash Mishra,31,Female,41250.92,7521.97,5,2026-06-08,1591.42,30.27,Fashion,5.0
CUST01658,Neha Sharma,43,Female,51643.08,12274.15,6,2026-07-23,1544.26,27.42,Beauty,7.0
CUST01659,Rahul Jaiswal,38,Male,41129.56,15714.63,7,2026-08-06,2838.34,39.99,Electronics,8.0
CUST01660,Rohan Chauhan,33,Female,68379.44,17594.4,15,2026-07-24,1789.38,39.69,Beauty,8.0
CUST01661,Riya Shukla,31,Female,85493.01,33636.69,9,2026-03-31,3205.45,36.38,Home & Kitchen,6.0
CUST01662,Neha Rai,28,Male,84907.95,23216.25,9,2026-06-15,2602.36,41.73,Sports,5.0
CUST01663,Aditi Rai,25,Female,55879.22,5487.35,4,2026-08-07,1688.76,28.23,Electronics,7.0
CUST01664,Pooja Singh,47,Female,47572.72,13961.91,5,2026-07-19,2650.62,56.7,Home & Kitchen,6.0
CUST01665,Akash Malhotra,36,Female,69786.89,28235.59,7,2026-05-20,3170.12,31.15,Sports,7.0
CUST01666,Manish Sharma,35,Female,40396.24,23030.74,11,2026-08-08,2172.28,51.43,Fashion,4.0
CUST01667,Neha Srivastava,36,Female,130065.27,26753.42,7,2026-07-04,3299.46,0.0,Beauty,7.0
CUST01668,Rahul Agarwal,26,Male,78698.11,15081.74,5,2026-06-04,3000.31,53.56,Sports,6.0
CUST01669,Isha Jaiswal,40,Female,51880.04,13114.92,8,2026-07-23,2209.95,32.4,Beauty,7.0
CUST01670,Suraj Mishra,41,Female,54877.22,21690.14,9,2026-06-20,1996.4,41.38,Sports,6.0
CUST01671,Shreya Singh,41,Male,37003.62,10877.73,5,2026-05-27,2566.35,20.17,Books,8.0
CUST01672,Arjun Mishra,18,Female,49056.65,23820.66,10,2026-08-04,3217.41,39.16,Sports,4.0
CUST01673,Manish Malhotra,43,Female,47572.44,5091.18,6,2026-05-03,1177.48,2.89,Home & Kitchen,8.0
CUST01674,Aditi Sharma,21,Male,96785.01,25796.6,9,2026-06-13,3598.14,21.13,Home & Kitchen,4.0
CUST01675,Ankit Mishra,30,Female,99770.33,20713.06,7,2026-08-08,3288.04,20.21,Sports,6.0
CUST01676,Karan Chauhan,34,Male,48663.39,29084.51,7,2026-07-16,3420.34,81.72,Electronics,7.0
CUST01677,Ayush Malhotra,32,Male,71419.95,9989.32,6,2026-05-04,2266.75,35.51,Home & Kitchen,6.0
CUST01678,Sneha Verma,37,Female,40682.84,35990.52,12,2026-07-29,2500.55,33.02,Sports,7.0
CUST01679,Varun Rai,36,Female,49865.85,25170.59,10,2026-08-08,1970.42,12.62,Sports,8.0
CUST01680,Yash Mehta,20,Male,33793.18,13013.92,5,2026-08-03,2274.2,21.01,Beauty,6.0
CUST01681,Suraj Gupta,30,Male,53929.41,25435.26,9,2026-07-18,2121.31,24.41,Sports,7.0
CUST01682,Ankit Gupta,26,Male,46352.72,13565.74,4,2026-04-09,3374.18,11.38,Fashion,6.0
CUST01683,Isha Mehta,18,Female,58991.61,6940.91,5,2026-07-30,1826.74,21.5,Sports,8.0
CUST01684,Akash Kumar,36,Female,66614.21,23276.28,6,2026-04-13,3336.28,35.62,Books,5.0
CUST01685,Ananya Gupta,27,Female,42099.9,18642.16,9,2026-08-08,2342.56,46.73,Fashion,6.0
CUST01686,Sneha Sharma,49,Female,56521.82,17136.75,7,2026-08-03,1842.42,55.33,Fashion,4.0
CUST01687,Nikhil Mishra,52,Female,56533.71,8710.52,5,2026-05-24,1959.79,18.56,Electronics,8.0
CUST01688,Sneha Chauhan,26,Female,26032.76,20667.11,8,2026-05-12,2836.69,39.76,Home & Kitchen,6.0
CUST01689,Sneha Rai,23,Male,45729.64,6662.24,4,2026-05-22,2202.75,34.4,Beauty,10.0
CUST01690,Manish Chauhan,30,Male,20060.18,5016.79,5,2026-07-08,1343.91,38.4,Beauty,6.0
CUST01691,Nikhil Srivastava,43,Female,39670.23,24364.18,8,2026-06-11,2313.72,50.01,Electronics,7.0
CUST01692,Aarav Rai,26,Female,43942.87,24850.37,10,2026-07-28,3304.97,21.55,Electronics,8.0
CUST01693,Krishna Mishra,18,Male,29425.8,8273.22,3,2026-05-12,3109.72,31.85,Beauty,6.0
CUST01694,Aditi Kumar,43,Male,29234.43,25413.27,10,2026-07-13,2746.53,30.83,Sports,6.0
CUST01695,Sameer Rai,43,Male,26805.9,22147.63,7,2026-06-15,2371.04,19.49,Home & Kitchen,6.0
CUST01696,Sakshi Shukla,51,Female,72982.97,30626.95,11,2026-07-11,2989.33,18.59,Home & Kitchen,5.0
CUST01697,Aarav Pandey,18,Female,51343.03,33955.33,12,2026-08-05,2199.53,27.95,Sports,9.0
CUST01698,Meera Yadav,31,Male,25050.97,11389.52,7,2026-07-24,1427.0,34.19,Sports,7.0
CUST01699,Vikas Jaiswal,34,Female,44940.6,33397.98,12,2026-07-30,2445.17,33.86,Fashion,4.0
CUST01700,Pooja Agarwal,20,Female,40970.88,15567.01,9,2026-06-15,2439.6,42.39,Beauty,5.0
CUST01701,Pooja Sinha,27,Male,42298.71,18747.57,7,2026-07-25,2640.39,21.46,Fashion,5.0
CUST01702,Isha Rai,37,Male,23877.7,5474.09,3,2026-07-01,1809.91,8.21,Home & Kitchen,7.0
CUST01703,Vikas Shukla,47,Male,27852.3,20457.43,14,2026-07-03,2192.76,9.13,Sports,7.0
CUST01704,Sneha Sinha,43,Female,34282.21,15840.57,7,2026-07-27,2763.26,41.07,Books,6.0
CUST01705,Akash Verma,43,Female,69988.54,52520.79,11,2026-04-20,3560.84,29.08,Home & Kitchen,6.0
CUST01706,Kavya Gupta,18,Female,39253.69,29299.92,10,2026-06-25,2690.8,17.6,Electronics,9.0
CUST01707,Rahul Sharma,28,Male,132621.32,14808.41,6,2026-08-01,2559.93,22.97,Beauty,6.0
CUST01708,Suraj Shukla,39,Female,21238.51,20404.64,8,2026-05-24,1906.17,4.73,Sports,7.0
CUST01709,Isha Kumar,54,Male,58079.27,11908.75,9,2026-06-23,1478.04,52.5,Books,8.0
CUST01710,Ayush Gupta,26,Female,54965.6,11919.58,4,2026-07-29,2939.43,0.41,Home & Kitchen,7.0
CUST01711,Kavya Mehta,18,Male,73671.04,19268.06,7,2026-06-19,2245.19,52.97,Electronics,7.0
CUST01712,Tanvi Chauhan,37,Male,22518.41,16435.79,9,2026-07-08,1590.56,29.91,Electronics,7.0
CUST01713,Vikas Kumar,20,Male,24961.2,9778.1,7,2026-07-15,2014.13,27.43,Beauty,8.0
CUST01714,Kavya Rai,26,Male,37167.58,14947.77,7,2026-08-03,2219.02,16.59,Beauty,8.0
CUST01715,Rahul Malhotra,44,Female,44302.43,14961.92,7,2026-03-28,1695.81,26.52,Books,8.0
CUST01716,Sameer Malhotra,36,Female,32720.91,11807.91,5,2026-06-28,1752.49,62.58,Books,6.0
CUST01717,Ananya Rai,55,Female,52780.7,25733.54,6,2026-05-15,3496.4,69.26,Fashion,7.0
CUST01718,Ananya Rai,18,Female,62513.0,9405.39,4,2026-07-08,2048.56,34.16,Sports,7.0
CUST01719,Meera Malhotra,32,Male,22714.75,13616.34,5,2026-07-01,2396.97,6.74,Electronics,6.0
CUST01720,Kavya Gupta,35,Male,29332.55,17328.58,8,2025-12-28,1652.42,5.1,Sports,5.0
CUST01721,Kavya Sinha,37,Female,119874.15,11098.99,5,2026-07-22,3052.38,0.0,Electronics,5.0
CUST01722,Isha Srivastava,30,Male,35226.46,13302.4,9,2026-06-25,2018.03,14.86,Home & Kitchen,8.0
CUST01723,Suraj Kumar,34,Female,31166.04,15140.5,7,2026-08-05,2184.45,41.19,Fashion,6.0
CUST01724,Vikas Sinha,40,Female,21998.72,11779.25,7,2026-07-22,2459.96,53.42,Home & Kitchen,7.0
CUST01725,Shreya Malhotra,37,Male,35423.4,12381.91,5,2026-07-19,3182.38,69.02,Electronics,6.0
CUST01726,Aditya Verma,45,Male,48448.14,33486.7,9,2026-05-20,3600.92,17.52,Beauty,6.0
CUST01727,Rahul Mehta,32,Female,71018.63,12194.25,7,2026-04-18,1657.28,72.61,Home & Kitchen,5.0
CUST01728,Shreya Kumar,47,Female,53961.77,12820.46,6,2026-07-31,2174.45,21.97,Fashion,6.0
CUST01729,Sakshi Mehta,46,Female,77181.14,14931.32,5,2026-07-25,2523.94,20.84,Fashion,6.0
CUST01730,Riya Chauhan,25,Female,26014.41,10941.83,13,2026-08-08,1181.27,20.21,Beauty,6.0
CUST01731,Karan Shukla,28,Male,60083.0,23212.77,5,2026-07-25,3626.51,0.0,Electronics,6.0
CUST01732,Rohan Singh,18,Female,57081.07,18006.59,7,2026-08-02,2207.78,0.0,Fashion,6.0
CUST01733,Suraj Sinha,37,Male,20874.58,17830.06,10,2026-05-02,1697.46,3.51,Sports,8.0
CUST01734,Aditya Yadav,32,Male,42498.8,24804.21,14,2026-05-09,1609.58,31.13,Sports,5.0
CUST01735,Nikhil Yadav,18,Male,70244.89,9451.41,3,2026-07-16,2386.53,40.04,Beauty,7.0
CUST01736,Yash Shukla,23,Male,67161.17,16274.13,7,2026-07-17,3166.55,54.89,Fashion,6.0
CUST01737,Arjun Tiwari,30,Male,24400.68,8873.81,8,2026-08-05,1316.63,40.8,Books,9.0
CUST01738,Pooja Agarwal,34,Female,36836.44,9804.19,7,2026-07-28,1974.75,24.54,Beauty,6.0
CUST01739,Yash Sharma,18,Male,44131.03,7367.28,8,2026-06-07,926.44,41.33,Home & Kitchen,10.0
CUST01740,Aarav Rai,35,Female,43921.41,16301.28,6,2026-06-03,3499.53,40.23,Home & Kitchen,8.0
CUST01741,Akash Gupta,36,Female,54614.55,17937.63,8,2026-07-05,2701.37,12.96,Sports,9.0
CUST01742,Ankit Pandey,20,Male,39280.34,12248.05,9,2026-05-25,1601.53,42.88,Electronics,6.0
CUST01743,Manish Mishra,22,Male,133688.89,31353.46,10,2026-05-27,3625.7,43.22,Electronics,6.0
CUST01744,Sameer Verma,35,Female,39330.46,10805.68,8,2026-08-06,1738.32,30.19,Home & Kitchen,7.0
CUST01745,Ananya Chauhan,34,Female,38824.8,10756.63,11,2026-07-19,1359.82,74.8,Home & Kitchen,7.0
CUST01746,Tanvi Gupta,38,Female,73732.69,20761.98,10,2026-06-28,2274.39,59.51,Electronics,10.0
CUST01747,Riya Tiwari,36,Male,49404.64,12966.04,9,2026-03-07,1761.78,1.9,Beauty,7.0
CUST01748,Diya Verma,19,Female,31283.97,25632.21,7,2026-06-22,2785.55,71.16,Home & Kitchen,5.0
CUST01749,Aditya Malhotra,31,Female,25675.43,9652.79,6,2026-06-29,1551.12,36.49,Electronics,6.0
CUST01750,Yash Sharma,38,Female,24690.81,26027.49,11,2026-05-27,2163.86,0.64,Home & Kitchen,6.0
CUST01751,Pooja Kumar,18,Male,18000.0,7822.26,6,2026-07-25,1585.21,11.52,Home & Kitchen,8.0
CUST01752,Varun Rai,36,Female,50155.83,11035.98,8,2026-07-24,1433.71,38.07,Fashion,6.0
CUST01753,Ankit Tiwari,36,Male,25390.96,11888.21,9,2026-07-04,1449.46,10.5,Sports,7.0
CUST01754,Pooja Mehta,27,Female,38682.03,37096.15,15,2026-06-21,1869.37,55.46,Electronics,8.0
CUST01755,Tanvi Sinha,21,Male,58911.96,19215.33,7,2026-07-03,2252.16,51.34,Books,7.0
CUST01756,Yash Malhotra,35,Male,30151.54,19500.01,11,2026-07-20,2725.68,49.04,Home & Kitchen,6.0
CUST01757,Krishna Srivastava,32,Female,25055.54,16202.46,5,2026-07-30,2618.28,7.62,Books,8.0
CUST01758,Nikhil Sinha,40,Male,65090.38,20452.62,8,2026-07-18,2412.75,19.55,Electronics,9.0
CUST01759,Rahul Singh,19,Male,30017.8,30252.37,11,2026-06-29,2355.79,21.9,Home & Kitchen,9.0
CUST01760,Akash Kumar,32,Male,74041.98,6712.45,9,2026-06-24,804.81,66.75,Books,6.0
CUST01761,Arjun Rai,47,Female,30653.86,4256.42,5,2026-07-24,673.06,56.74,Home & Kitchen,10.0
CUST01762,Sneha Mehta,34,Female,40985.83,22252.99,6,2026-06-28,3388.24,30.75,Home & Kitchen,7.0
CUST01763,Karan Agarwal,51,Male,27558.52,23796.46,9,2026-07-11,2374.34,69.33,Fashion,8.0
CUST01764,Karan Sharma,18,Female,70159.0,26693.16,11,2026-08-05,1836.57,19.4,Books,6.0
CUST01765,Aarav Malhotra,40,Male,71085.43,47673.3,12,2026-04-25,3603.39,65.36,Electronics,6.0
CUST01766,Manish Shukla,31,Male,58870.02,18476.06,6,2026-06-21,2747.22,42.37,Books,6.0
CUST01767,Pooja Singh,38,Female,34052.1,20184.89,5,2026-07-10,3410.4,40.63,Books,5.0
CUST01768,Vikas Mehta,44,Male,113443.37,17425.98,7,2026-07-26,2423.85,52.82,Books,8.0
CUST01769,Tanvi Jaiswal,35,Male,62397.15,24104.93,9,2026-06-02,2985.55,0.0,Sports,6.0
CUST01770,Tanvi Sharma,48,Female,33768.0,5192.23,4,2026-05-29,1409.82,50.2,Electronics,7.0
CUST01771,Arjun Mehta,34,Female,24848.13,7998.48,5,2026-07-10,1759.19,9.83,Electronics,8.0
CUST01772,Sneha Pandey,30,Male,75497.39,12615.1,4,2026-07-14,2695.07,18.17,Books,6.0
CUST01773,Tanvi Sinha,38,Female,18000.0,13419.48,7,2026-08-02,2445.06,32.54,Books,5.0
CUST01774,Neha Srivastava,32,Male,87325.24,23564.22,11,2026-08-08,2631.76,25.85,Electronics,6.0
CUST01775,Sameer Yadav,24,Female,65696.15,14181.24,5,2026-07-26,2850.54,31.83,Electronics,6.0
CUST01776,Rohan Jaiswal,26,Male,47482.02,44514.67,14,2026-07-16,2374.65,30.33,Electronics,8.0
CUST01777,Neha Mishra,28,Female,44793.43,23703.05,10,2026-07-23,2260.94,34.43,Sports,5.0
CUST01778,Rahul Mishra,44,Male,130134.33,13963.88,6,2026-08-07,2093.12,12.85,Electronics,7.0
CUST01779,Ananya Pandey,31,Male,27794.84,17683.72,8,2026-07-25,1885.77,42.67,Sports,8.0
CUST01780,Shreya Pandey,42,Male,34847.65,15704.7,5,2026-03-20,2479.62,32.94,Fashion,6.0
CUST01781,Sameer Shukla,26,Male,42350.09,7220.93,5,2026-07-06,1074.25,13.9,Sports,6.0
CUST01782,Vikas Mehta,34,Female,114042.8,18498.9,8,2026-08-06,2052.74,46.57,Electronics,9.0
CUST01783,Rohan Verma,34,Female,65649.02,10157.81,5,2026-06-16,1849.1,49.5,Home & Kitchen,6.0
CUST01784,Manish Pandey,40,Female,86545.9,13118.73,4,2026-06-20,2642.69,19.44,Electronics,8.0
CUST01785,Nikhil Verma,43,Female,89101.86,13822.09,4,2026-07-21,3466.26,43.29,Books,8.0
CUST01786,Yash Chauhan,49,Male,47899.14,6425.69,5,2026-07-19,1881.95,16.36,Sports,7.0
CUST01787,Krishna Yadav,25,Female,24354.98,16493.28,10,2026-07-20,1892.8,36.4,Home & Kitchen,6.0
CUST01788,Suraj Sharma,32,Male,117510.97,38550.41,10,2026-06-15,3044.89,4.75,Books,6.0
CUST01789,Manish Singh,21,Male,35180.84,18556.62,6,2026-06-29,2317.26,22.0,Fashion,9.0
CUST01790,Isha Singh,41,Male,31632.53,17523.33,9,2026-06-09,2544.69,17.39,Books,7.0
CUST01791,Manish Sharma,29,Male,54533.22,10466.14,6,2026-06-15,2605.42,52.51,Sports,6.0
CUST01792,Ayush Gupta,58,Female,77605.74,19407.8,8,2026-07-08,1959.03,31.97,Beauty,6.0
CUST01793,Tanvi Verma,32,Male,31705.5,18363.3,8,2026-06-09,1737.42,30.89,Home & Kitchen,9.0
CUST01794,Sneha Mehta,46,Male,65474.68,10868.62,4,2026-05-08,2073.4,75.18,Electronics,9.0
CUST01795,Aditya Verma,31,Female,33857.97,9574.32,4,2026-08-04,2268.25,46.13,Electronics,4.0
CUST01796,Varun Singh,39,Female,27602.25,4490.05,7,2026-07-26,737.88,72.09,Fashion,5.0
CUST01797,Meera Verma,39,Male,26432.55,20612.36,8,2026-08-02,1992.1,28.7,Home & Kitchen,9.0
CUST01798,Sakshi Verma,41,Female,42887.23,5183.29,9,2026-07-15,827.41,41.0,Sports,8.0
CUST01799,Krishna Jaiswal,36,Male,61415.78,12965.95,7,2026-07-11,2162.76,41.68,Electronics,7.0
CUST01800,Riya Sharma,47,Female,37052.39,5953.36,10,2026-07-02,732.11,40.94,Beauty,8.0
CUST01801,Manish Gupta,40,Female,53269.45,31386.58,14,2026-07-23,2299.51,72.98,Home & Kitchen,8.0
CUST01802,Karan Yadav,30,Male,23945.31,9830.9,7,2026-05-24,1451.06,34.25,Electronics,7.0
CUST01803,Sameer Singh,38,Male,68319.05,22285.85,9,2026-07-12,3759.79,57.24,Sports,7.0
CUST01804,Ananya Rai,33,Male,32722.55,22754.49,8,2026-08-06,2216.82,42.87,Home & Kitchen,7.0
CUST01805,Shreya Mehta,27,Female,70952.88,14154.79,7,2026-08-06,2140.47,11.74,Fashion,9.0
CUST01806,Aditi Verma,19,Male,79457.57,22944.49,10,2026-07-19,3074.14,71.19,Fashion,9.0
CUST01807,Nikhil Srivastava,44,Female,37866.82,33757.56,11,2026-07-28,2897.44,29.38,Home & Kitchen,6.0
CUST01808,Isha Agarwal,30,Male,43019.31,5084.01,6,2026-07-19,1125.0,41.39,Home & Kitchen,7.0
CUST01809,Nikhil Kumar,24,Female,50723.46,27469.86,13,2026-07-09,1589.74,23.51,Electronics,7.0
CUST01810,Tanvi Shukla,42,Male,37833.23,22066.85,12,2026-07-25,1829.8,58.03,Electronics,7.0
CUST01811,Arjun Yadav,34,Female,64328.49,26000.79,11,2026-04-06,2653.85,57.76,Electronics,7.0
CUST01812,Neha Mehta,22,Female,24955.28,9838.8,6,2025-12-19,2095.46,36.34,Sports,6.0
CUST01813,Rahul Agarwal,20,Female,24886.52,16197.05,10,2026-05-25,1299.5,27.16,Sports,9.0
CUST01814,Ankit Gupta,36,Female,31661.75,14651.89,10,2026-06-27,1553.61,34.25,Beauty,4.0
CUST01815,Yash Sharma,31,Male,50511.52,20743.2,7,2026-05-19,2971.78,4.59,Books,7.0
CUST01816,Meera Yadav,47,Male,39300.46,29012.22,10,2026-05-16,2555.57,17.81,Fashion,5.0
CUST01817,Tanvi Agarwal,19,Female,36799.66,28049.9,10,2026-07-26,2409.35,0.0,Books,6.0
CUST01818,Ankit Sharma,46,Female,53338.52,14108.88,8,2026-07-27,2221.95,46.11,Home & Kitchen,3.0
CUST01819,Aarav Shukla,30,Male,34619.92,4332.96,4,2026-07-29,1543.93,29.83,Electronics,7.0
CUST01820,Arjun Srivastava,31,Male,35062.03,13740.2,8,2026-08-05,2012.56,6.73,Electronics,8.0
CUST01821,Isha Mishra,25,Male,53144.85,13620.69,7,2026-08-03,2464.97,34.2,Fashion,6.0
CUST01822,Karan Shukla,27,Female,84555.26,23687.91,8,2026-07-02,2567.66,51.86,Fashion,7.0
CUST01823,Ankit Pandey,42,Male,59331.88,8724.41,6,2026-06-21,1847.16,23.55,Electronics,9.0
CUST01824,Ananya Jaiswal,40,Male,75755.94,20792.52,8,2026-07-15,2109.61,42.82,Books,7.0
CUST01825,Arjun Sinha,30,Male,58181.98,19396.39,7,2026-07-02,3124.38,28.13,Beauty,7.0
CUST01826,Kavya Mishra,34,Male,43521.95,14807.06,6,2026-06-26,2715.65,34.34,Sports,7.0
CUST01827,Aditya Gupta,32,Female,40501.73,18729.77,5,2026-07-27,2961.53,29.86,Fashion,6.0
CUST01828,Arjun Shukla,29,Male,26817.73,24888.33,8,2026-07-12,2578.72,1.25,Beauty,7.0
CUST01829,Manish Tiwari,26,Female,54325.32,12365.66,5,2026-07-13,2834.32,8.46,Electronics,9.0
CUST01830,Isha Kumar,38,Male,38010.43,33255.24,9,2026-03-26,2960.51,9.7,Home & Kitchen,8.0
CUST01831,Suraj Pandey,18,Male,20380.41,11297.75,8,2026-01-30,2054.79,40.58,Fashion,7.0
CUST01832,Aditya Malhotra,31,Female,43596.52,10617.48,7,2026-02-08,1904.39,30.43,Books,8.0
CUST01833,Krishna Rai,35,Male,45668.81,10912.63,6,2026-08-07,2370.65,27.09,Home & Kitchen,6.0
CUST01834,Ankit Agarwal,25,Female,48517.14,16464.91,7,2026-05-28,2321.43,1.52,Books,6.0
CUST01835,Neha Malhotra,32,Female,46902.16,24140.02,9,2026-04-19,2635.23,39.44,Beauty,7.0
CUST01836,Rohan Verma,39,Female,28841.62,7235.36,4,2026-08-01,1711.57,26.64,Fashion,4.0
CUST01837,Meera Tiwari,26,Male,49488.86,9140.12,5,2026-06-08,1432.15,11.46,Beauty,8.0
CUST01838,Vikas Jaiswal,38,Male,67222.92,7320.32,4,2026-04-24,2117.66,30.71,Sports,7.0
CUST01839,Kavya Pandey,42,Male,44122.08,16455.61,8,2026-05-19,1576.39,17.48,Sports,8.0
CUST01840,Aditya Sinha,27,Male,44245.45,7120.13,3,2026-08-02,3189.89,47.42,Beauty,7.0
CUST01841,Aditi Mehta,36,Female,46007.57,16244.61,12,2026-05-30,1668.94,33.32,Sports,5.0
CUST01842,Meera Chauhan,46,Female,41048.48,30135.08,17,2026-08-01,1869.35,53.89,Beauty,7.0
CUST01843,Karan Pandey,41,Female,55657.92,13206.81,5,2026-07-28,2177.27,25.73,Beauty,7.0
CUST01844,Ayush Pandey,46,Male,18000.0,13049.31,9,2026-08-08,1869.19,10.75,Books,8.0
CUST01845,Aditya Sinha,39,Male,37610.04,29920.54,11,2026-07-14,3017.7,73.24,Sports,7.0
CUST01846,Yash Tiwari,31,Male,41187.36,14326.35,8,2026-04-26,1492.19,17.98,Electronics,7.0
CUST01847,Aditi Shukla,34,Male,43256.45,3347.8,4,2026-07-14,1195.74,52.98,Fashion,6.0
CUST01848,Karan Pandey,38,Female,65030.42,21954.27,13,2026-06-01,2144.08,21.05,Home & Kitchen,6.0
CUST01849,Riya Kumar,18,Female,24576.08,5223.05,7,2026-07-24,952.39,38.65,Books,8.0
CUST01850,Isha Sinha,31,Female,51099.56,9483.73,6,2026-07-23,2409.58,16.08,Home & Kitchen,5.0
CUST01851,Tanvi Sharma,28,Female,21560.8,18392.21,10,2026-07-07,1401.77,7.9,Beauty,9.0
CUST01852,Ayush Tiwari,34,Male,60017.68,18565.16,9,2026-07-31,1642.58,18.22,Books,7.0
CUST01853,Nikhil Shukla,38,Male,61901.0,19379.92,11,2026-05-23,1793.91,20.78,Beauty,8.0
CUST01854,Aditya Agarwal,34,Female,102029.71,25276.81,9,2026-06-29,3161.12,21.57,Fashion,6.0
CUST01855,Sameer Chauhan,18,Female,58437.78,21193.42,8,2026-08-04,2227.9,41.6,Fashion,8.0
CUST01856,Pooja Sharma,35,Female,55250.91,13946.26,6,2026-08-07,2408.73,48.54,Home & Kitchen,6.0
CUST01857,Ananya Sinha,39,Male,23080.29,13537.09,6,2026-06-24,2140.07,20.54,Books,6.0
CUST01858,Sakshi Srivastava,39,Male,43501.46,19664.85,8,2026-07-29,2458.45,53.39,Home & Kitchen,8.0
CUST01859,Sakshi Jaiswal,29,Male,30632.38,23988.32,9,2026-08-06,2825.27,50.76,Books,7.0
CUST01860,Aarav Verma,34,Female,142108.84,8630.72,4,2026-07-05,2456.78,27.68,Fashion,9.0
CUST01861,Karan Jaiswal,25,Male,75151.17,28902.37,9,2026-06-26,2407.2,25.19,Beauty,5.0
CUST01862,Aditya Shukla,38,Male,23244.71,14637.28,6,2026-06-15,1856.46,33.58,Beauty,6.0
CUST01863,Karan Mehta,30,Male,149060.83,24643.48,8,2026-06-25,3135.8,7.27,Books,8.0
CUST01864,Akash Shukla,34,Female,68678.04,13899.17,9,2026-06-02,2159.12,69.51,Fashion,7.0
CUST01865,Riya Malhotra,29,Male,26369.45,26207.67,7,2026-06-06,3047.5,46.38,Electronics,8.0
CUST01866,Yash Jaiswal,40,Male,45447.89,7106.22,5,2026-06-21,1800.64,67.7,Home & Kitchen,7.0
CUST01867,Sakshi Rai,36,Male,58015.91,21545.65,9,2026-05-31,2944.14,34.27,Electronics,6.0
CUST01868,Nikhil Sharma,30,Female,71289.4,19280.87,10,2026-05-05,2793.45,12.6,Fashion,7.0
CUST01869,Manish Jaiswal,32,Female,23976.31,28357.22,12,2026-01-27,1887.77,25.48,Fashion,9.0
CUST01870,Manish Malhotra,42,Male,32586.71,3702.17,3,2026-07-25,1666.75,0.0,Books,9.0
CUST01871,Vikas Yadav,22,Male,33156.4,13092.75,8,2026-07-28,1774.48,20.65,Fashion,8.0
CUST01872,Tanvi Malhotra,18,Male,42773.49,15739.0,9,2026-08-08,2017.44,38.65,Fashion,8.0
CUST01873,Nikhil Mehta,24,Female,76110.0,23746.62,7,2026-03-25,3196.6,43.08,Home & Kitchen,6.0
CUST01874,Ananya Mehta,37,Male,48795.19,7854.61,8,2026-06-06,1498.49,45.76,Electronics,7.0
CUST01875,Ayush Rai,19,Female,52549.6,8696.68,6,2026-08-06,1350.34,40.3,Home & Kitchen,7.0
CUST01876,Rahul Verma,47,Female,58223.24,30062.17,10,2026-07-03,3092.36,25.76,Books,4.0
CUST01877,Vikas Mehta,39,Male,44664.77,5710.59,5,2026-07-29,1341.24,23.09,Home & Kitchen,5.0
CUST01878,Tanvi Mishra,31,Female,26967.28,22272.45,8,2026-08-01,3013.82,7.84,Beauty,8.0
CUST01879,Riya Chauhan,32,Male,81094.44,15722.91,8,2026-04-09,2533.65,8.63,Beauty,9.0
CUST01880,Ankit Gupta,18,Female,89136.45,36778.2,9,2026-06-22,3173.75,14.33,Beauty,8.0
CUST01881,Varun Mishra,18,Male,41272.59,31744.03,12,2026-08-05,3234.75,22.32,Home & Kitchen,6.0
CUST01882,Aditya Yadav,34,Female,39952.13,13843.23,5,2026-07-07,2479.4,31.7,Beauty,9.0
CUST01883,Pooja Gupta,36,Female,24778.62,6935.5,4,2026-07-22,1289.44,57.81,Home & Kitchen,7.0
CUST01884,Nikhil Agarwal,22,Male,79214.96,23886.86,11,2026-05-11,1842.19,57.46,Beauty,7.0
CUST01885,Arjun Rai,18,Female,88699.54,17385.19,8,2026-07-18,2839.28,39.95,Electronics,8.0
CUST01886,Rohan Mehta,33,Female,45061.17,13744.28,9,2026-07-23,2283.74,17.92,Beauty,9.0
CUST01887,Varun Yadav,32,Female,44870.79,30025.51,12,2026-08-08,2134.61,0.0,Beauty,7.0
CUST01888,Akash Kumar,36,Male,62065.39,9451.97,7,2026-07-18,2053.61,35.01,Home & Kitchen,6.0
CUST01889,Aditya Singh,18,Female,55776.77,21051.69,9,2026-07-29,2364.3,34.75,Sports,6.0
CUST01890,Meera Kumar,28,Male,57953.24,20194.85,9,2026-08-04,1952.03,30.02,Beauty,6.0
CUST01891,Ankit Sharma,27,Female,28507.51,37959.5,13,2026-05-26,2356.53,65.0,Sports,7.0
CUST01892,Akash Shukla,25,Male,52593.62,5043.79,3,2026-06-26,2171.99,20.41,Books,5.0
CUST01893,Sakshi Sharma,30,Female,27473.22,14539.75,8,2026-04-27,2366.75,45.94,Books,8.0
CUST01894,Kavya Mishra,29,Female,95353.72,16254.91,11,2026-07-31,1950.92,86.74,Fashion,8.0
CUST01895,Pooja Yadav,36,Male,41314.51,30015.69,9,2026-01-18,2615.99,37.35,,9.0
CUST01896,Suraj Rai,18,Male,24410.18,11787.03,10,2026-06-05,953.99,8.81,Books,7.0
CUST01897,Isha Mehta,31,Male,50890.48,14710.06,7,2026-06-27,2275.68,38.97,Electronics,7.0
CUST01898,Krishna Yadav,26,Male,42283.64,27920.34,13,2026-07-26,3139.64,35.84,Fashion,9.0
CUST01899,Arjun Singh,42,Female,90770.44,37438.14,9,2026-07-05,3234.35,30.89,Electronics,6.0
CUST01900,Aarav Agarwal,34,Female,66083.54,10689.69,6,2026-07-11,2660.87,31.68,Fashion,7.0
CUST01901,Vikas Gupta,30,Male,20166.3,4302.87,2,2026-07-29,2674.59,76.05,Books,8.0
CUST01902,Aditi Chauhan,34,Male,63168.3,19333.96,8,2026-06-05,2089.15,,Sports,2.0
CUST01903,Karan Shukla,24,Male,59385.5,30962.87,8,2026-06-26,3169.99,42.63,Books,8.0
CUST01904,Yash Shukla,37,Male,36101.33,34033.12,12,2026-08-07,2608.45,19.72,Beauty,7.0
CUST01905,Arjun Gupta,19,Female,20220.15,9016.65,7,2026-07-23,1753.55,16.24,Home & Kitchen,7.0
CUST01906,Krishna Agarwal,38,Female,65534.36,13514.98,5,2026-07-21,3503.4,39.57,Electronics,6.0
CUST01907,Ayush Singh,43,Female,67634.79,6226.73,4,2026-07-06,1948.44,70.7,Books,6.0
CUST01908,Kavya Verma,22,Female,77738.85,32570.23,9,2025-08-10,3275.15,45.0,Electronics,6.0
CUST01909,Sneha Malhotra,40,Male,35911.12,29716.84,11,2026-03-09,2880.81,37.6,Electronics,6.0
CUST01910,Akash Agarwal,24,Male,31264.87,18855.24,12,2026-08-06,1901.44,61.24,Books,8.0
CUST01911,Sneha Kumar,29,Female,26893.8,17396.87,6,2026-07-05,2578.39,47.59,Home & Kitchen,7.0
CUST01912,Vikas Agarwal,27,Male,27891.39,12372.98,7,2026-07-22,1614.59,18.82,Books,6.0
CUST01913,Aarav Mehta,40,Female,29569.19,15620.17,14,2026-07-27,1600.16,41.58,Beauty,8.0
CUST01914,Sameer Sharma,32,Male,44619.0,13828.07,8,2026-03-27,1724.38,66.4,Fashion,8.0
CUST01915,Vikas Gupta,22,Male,41419.42,21531.92,9,2026-05-20,2212.26,47.23,Home & Kitchen,6.0
CUST01916,Sneha Tiwari,33,Male,34501.02,8682.48,6,2026-07-09,1240.49,56.22,Sports,7.0
CUST01917,Kavya Malhotra,37,Male,34021.91,7393.96,5,2026-07-30,2137.15,24.0,Home & Kitchen,4.0
CUST01918,Arjun Verma,27,Male,49215.49,9709.76,8,2026-04-30,1605.09,12.33,Fashion,6.0
CUST01919,Karan Kumar,33,Female,24620.76,30824.48,10,2026-06-20,2640.26,2.33,Home & Kitchen,9.0
CUST01920,Sneha Verma,31,Female,34832.36,17924.6,11,2026-07-08,1480.67,47.09,Sports,5.0
CUST01921,Isha Sharma,31,Female,82316.34,14962.61,6,2026-05-12,2259.6,4.85,Fashion,8.0
CUST01922,Arjun Shukla,18,Female,18000.0,11218.69,5,2026-07-17,2521.31,68.73,Electronics,8.0
CUST01923,Sameer Tiwari,26,Male,52950.42,43297.56,11,2026-07-28,3250.28,41.07,Sports,4.0
CUST01924,Ankit Mehta,37,Female,54685.09,14133.18,9,2026-07-06,1547.1,11.52,Books,9.0
CUST01925,Neha Singh,27,Male,47531.92,5498.39,4,2026-06-23,1977.18,22.28,Fashion,7.0
CUST01926,Ananya Yadav,33,Male,44753.38,42773.32,13,2026-06-23,3007.39,55.73,Fashion,7.0
CUST01927,Pooja Yadav,33,Male,46411.65,22766.65,10,2026-05-07,2950.68,20.28,Fashion,7.0
CUST01928,Meera Sinha,38,Male,25069.15,4384.35,5,2026-07-30,924.61,34.41,Fashion,6.0
CUST01929,Ankit Tiwari,18,Male,37562.53,20197.34,10,2026-07-30,2458.75,19.87,Home & Kitchen,7.0
CUST01930,Rohan Yadav,37,Female,57739.27,11690.8,5,2026-06-25,2219.43,70.42,Home & Kitchen,7.0
CUST01931,Kavya Jaiswal,28,Female,43636.58,3005.4,3,2026-06-03,1418.96,29.21,Beauty,6.0
CUST01932,Manish Rai,40,Male,58727.42,18786.02,8,2026-07-28,2397.4,14.95,Sports,8.0
CUST01933,Tanvi Malhotra,26,Female,79160.4,10752.73,4,2026-07-18,2273.83,49.37,Electronics,8.0
CUST01934,Aditya Sinha,19,Female,43330.7,7679.8,5,2026-07-07,1618.2,32.31,Sports,7.0
CUST01935,Ankit Pandey,18,Male,31357.28,6195.85,6,2026-08-05,995.8,20.94,Beauty,6.0
CUST01936,Isha Jaiswal,26,Female,39731.27,18177.5,9,2026-06-05,2337.39,16.75,Sports,7.0
CUST01937,Ananya Malhotra,21,Female,36061.22,18558.44,9,2026-08-08,2944.28,26.6,Fashion,8.0
CUST01938,Aarav Sharma,23,Male,20640.45,16177.31,9,2026-08-01,1392.0,51.94,Sports,8.0
CUST01939,Yash Chauhan,21,Female,54322.1,24311.01,9,2026-06-26,2717.48,36.1,Beauty,7.0
CUST01940,Isha Singh,25,Female,19301.38,16047.41,8,2026-07-07,2183.14,0.15,Beauty,5.0
CUST01941,Akash Jaiswal,25,Male,127397.08,35282.08,8,2026-07-07,3279.66,36.69,Sports,6.0
CUST01942,Manish Pandey,23,Male,35639.42,24601.02,11,2026-05-06,2845.51,33.25,Books,9.0
CUST01943,Neha Srivastava,24,Female,73561.68,24118.49,8,2026-03-06,2994.67,40.72,Books,8.0
CUST01944,Yash Chauhan,24,Male,62774.95,17993.5,7,2026-08-05,2324.91,0.0,Books,4.0
CUST01945,Aditi Srivastava,31,Male,83783.53,13054.91,6,2026-08-05,2654.58,25.58,Books,6.0
CUST01946,Rohan Kumar,33,Male,27291.5,11421.83,9,2026-07-31,1114.97,40.93,Home & Kitchen,8.0
CUST01947,Ananya Pandey,38,Female,46682.33,16765.72,9,2026-08-03,1420.96,30.65,Fashion,6.0
CUST01948,Sneha Singh,29,Male,26556.88,8524.31,7,2026-07-14,1848.91,17.74,Books,8.0
CUST01949,Rahul Singh,44,Female,60436.92,25702.84,8,2026-08-04,3460.76,80.14,Sports,8.0
CUST01950,Ankit Chauhan,29,Male,34367.12,17636.1,15,2026-06-23,930.76,37.26,Home & Kitchen,6.0
CUST01951,Pooja Jaiswal,31,Female,25853.15,15505.72,14,2026-07-15,1107.05,59.12,Sports,8.0
CUST01952,Sneha Singh,33,Female,36137.82,5505.55,2,2026-04-26,2365.43,48.36,Electronics,6.0
CUST01953,Diya Yadav,42,Female,18000.0,9684.84,6,2026-05-15,1323.11,57.19,Books,8.0
CUST01954,Aarav Mishra,27,Female,42237.63,26612.6,9,2026-07-17,2595.4,48.08,Beauty,8.0
CUST01955,Sneha Chauhan,30,Male,66196.78,22535.13,10,2026-08-08,3139.43,40.06,Sports,7.0
CUST01956,Shreya Chauhan,19,Female,28442.71,10675.17,4,2026-07-28,2408.3,18.1,Fashion,7.0
CUST01957,Sameer Kumar,37,Male,45327.7,27403.17,10,2026-06-10,3003.89,1.94,Fashion,7.0
CUST01958,Akash Mehta,43,Female,54235.29,15507.85,8,2026-08-08,2493.58,42.64,Sports,10.0
CUST01959,Aditi Mishra,20,Male,28678.31,4028.88,7,2026-05-25,737.94,23.6,Fashion,7.0
CUST01960,Varun Chauhan,23,Female,27224.52,3008.84,5,2026-07-20,449.73,6.42,Beauty,6.0
CUST01961,Ankit Singh,28,Male,39821.71,29826.37,9,2026-07-31,2634.68,21.43,Home & Kitchen,8.0
CUST01962,Diya Singh,35,Male,43714.56,26275.44,11,2026-05-25,2612.26,20.07,Home & Kitchen,8.0
CUST01963,Neha Malhotra,30,Male,36497.72,17106.17,6,2026-05-29,2689.77,63.76,Books,5.0
CUST01964,Diya Sharma,36,Male,27991.73,18463.21,9,2026-04-18,3124.12,53.12,Books,
CUST01965,Nikhil Sharma,40,Male,40364.24,11920.87,6,2026-07-08,2767.96,19.15,Beauty,10.0
CUST01966,Neha Agarwal,21,Female,54543.7,16161.95,5,2026-07-29,2481.7,100.0,Sports,7.0
CUST01967,Sakshi Agarwal,21,Female,65902.43,14700.41,6,2026-06-11,2766.61,9.15,Home & Kitchen,7.0
CUST01968,Sakshi Jaiswal,50,Male,55339.79,18045.0,8,2026-08-03,1723.57,46.51,Beauty,8.0
CUST01969,Varun Agarwal,43,Male,23689.52,15237.31,5,2026-06-29,2286.66,57.68,Electronics,10.0
CUST01970,Sameer Jaiswal,24,Male,53273.47,11591.08,5,2026-07-22,2390.3,12.87,Books,6.0
CUST01971,Akash Rai,33,Male,50763.03,2859.35,2,2025-12-22,2140.31,71.18,Home & Kitchen,7.0
CUST01972,Riya Malhotra,47,Male,58631.26,18976.56,7,2026-06-18,2985.94,39.91,Sports,8.0
CUST01973,Aarav Agarwal,47,Female,60189.73,20575.14,8,2026-07-10,2312.52,13.12,Electronics,8.0
CUST01974,Suraj Agarwal,23,Female,60492.25,29323.81,11,2026-07-30,2113.36,32.49,Books,9.0
CUST01975,Neha Jaiswal,34,Female,54521.36,11739.36,6,2026-06-05,2405.14,0.0,Books,6.0
CUST01976,Yash Malhotra,36,Male,48423.75,10798.17,7,2026-07-10,1725.82,19.89,Books,6.0
CUST01977,Isha Yadav,23,Male,48937.32,28119.96,12,2026-06-18,2013.18,72.83,Books,7.0
CUST01978,Vikas Rai,31,Male,48227.83,17590.16,7,2026-06-10,1996.09,32.79,Electronics,5.0
CUST01979,Aditya Sinha,28,Male,39694.06,20519.25,15,2026-07-21,1369.94,52.18,Books,7.0
CUST01980,Meera Gupta,34,Female,69173.46,21329.48,10,2026-04-20,2778.59,57.9,Beauty,6.0
CUST01981,Ankit Singh,24,Male,29802.56,15997.73,8,2026-06-05,2437.64,43.46,Electronics,7.0
CUST01982,Aarav Mishra,31,Female,27453.2,2786.41,6,2026-05-20,345.19,16.76,Home & Kitchen,8.0
CUST01983,Ayush Pandey,18,Female,38006.83,13693.32,5,2026-07-09,2308.35,65.85,Books,7.0
CUST01984,Sakshi Gupta,34,Female,18000.0,14859.35,5,2026-05-11,2258.17,27.58,Books,7.0
CUST01985,Rohan Malhotra,26,Male,39399.26,21389.45,6,2026-06-23,2750.88,63.61,Electronics,7.0
CUST01986,Yash Singh,42,Female,19453.69,9841.42,7,2026-08-05,1115.49,65.79,Books,5.0
CUST01987,Sameer Jaiswal,33,Female,44033.16,16776.7,8,2026-07-30,2294.64,8.02,Books,8.0
CUST01988,Ayush Pandey,48,Female,54790.72,14996.66,6,2026-01-21,2055.61,13.56,Electronics,8.0
CUST01989,Aditya Agarwal,23,Female,30174.47,1280.48,6,2026-07-01,300.0,25.96,Books,6.0
CUST01990,Akash Srivastava,43,Male,53466.86,21390.19,9,2026-03-08,2029.22,38.82,Fashion,7.0
CUST01991,Rahul Sharma,25,Female,52302.11,20129.15,9,2026-08-04,1697.14,45.28,Home & Kitchen,7.0
CUST01992,Arjun Jaiswal,35,Male,29116.06,22871.58,9,2026-07-02,2390.58,30.85,Beauty,5.0
CUST01993,Suraj Kumar,39,Female,19674.96,17977.74,7,2026-06-18,2158.38,75.52,Sports,5.0
CUST01994,Aarav Shukla,28,Male,25990.85,14831.26,8,2026-07-23,2558.49,39.73,Beauty,6.0
CUST01995,Isha Tiwari,26,Female,24447.72,18914.06,9,2026-08-02,2797.27,27.33,Beauty,8.0
CUST01996,Isha Kumar,31,Female,99083.32,14826.05,7,2026-04-14,2812.02,29.22,Books,8.0
CUST01997,Isha Rai,22,Male,91632.42,26728.69,8,2026-05-29,3124.8,33.92,Books,6.0
CUST01998,Varun Malhotra,20,Male,30176.36,8988.19,7,2026-07-15,1526.03,38.79,Books,6.0
CUST01999,Sameer Jaiswal,47,Male,21904.25,7534.06,3,2026-06-07,2520.13,70.76,Electronics,7.0
CUST02000,Sameer Yadav,36,Female,22513.17,7546.69,8,2026-06-21,1246.33,31.82,Books,8.0
CUST02001,Aditi Mishra,41,Male,34628.59,18745.72,10,2026-08-02,1643.95,68.24,Beauty,7.0
CUST02002,Tanvi Mishra,34,Female,71339.91,40462.72,14,2026-04-24,3363.15,54.66,Electronics,5.0
CUST02003,Sakshi Malhotra,35,Female,47159.96,13407.66,8,2026-05-30,1891.2,13.51,Home & Kitchen,6.0
CUST02004,Nikhil Sinha,22,Female,46273.09,13279.97,8,2026-07-30,1797.03,34.12,Home & Kitchen,5.0
CUST02005,Pooja Jaiswal,34,Male,80830.13,24550.64,10,2026-08-06,2152.1,41.03,Electronics,8.0
CUST02006,Suraj Verma,44,Male,45327.54,12629.79,5,2026-05-28,2882.22,43.85,Books,7.0
CUST02007,Ankit Kumar,18,Female,37753.36,19417.75,9,2026-06-16,2223.63,48.16,Beauty,7.0
CUST02008,Ananya Yadav,22,Female,37298.28,10140.41,7,2026-07-22,1696.77,0.0,Fashion,9.0
CUST02009,Aarav Srivastava,36,Male,40429.61,16102.76,10,2026-06-23,1382.54,59.45,Books,9.0
CUST02010,Varun Kumar,24,Male,46597.0,20368.45,5,2026-08-05,3621.63,17.28,Beauty,9.0
CUST02011,Ankit Verma,36,Female,68212.82,30604.86,9,2026-06-30,3021.06,46.05,Electronics,7.0
CUST02012,Ankit Verma,41,Female,136519.54,33931.02,8,2026-04-09,3184.43,60.97,Electronics,6.0
CUST02013,Ananya Jaiswal,35,Female,23065.83,40962.63,14,2026-07-23,2746.36,86.76,Fashion,7.0
CUST02014,Krishna Malhotra,18,Male,22430.08,17039.85,10,2026-07-07,2324.16,23.5,Home & Kitchen,6.0
CUST02015,Krishna Singh,29,Male,83436.95,9105.17,6,2026-04-11,1370.9,36.81,Beauty,6.0
CUST02016,Rohan Mehta,18,Female,42769.63,19895.25,10,2026-05-12,2361.03,15.43,Home & Kitchen,4.0
CUST02017,Aditya Gupta,43,Male,23441.58,15215.47,9,2026-06-12,2303.28,38.61,Beauty,6.0
CUST02018,Rahul Malhotra,19,Male,37441.23,15516.3,11,2026-06-03,2117.6,34.73,Home & Kitchen,4.0
CUST02019,Ankit Jaiswal,24,Male,60182.45,15458.57,9,2026-07-17,1424.18,50.34,Beauty,5.0
CUST02020,Ananya Gupta,27,Female,18000.0,8610.72,6,2026-07-17,1670.97,80.3,Home & Kitchen,7.0
CUST02021,Varun Shukla,37,Male,69743.48,10925.28,4,2026-07-04,2375.81,43.26,Fashion,5.0
CUST02022,Aarav Jaiswal,24,Female,36150.47,11627.14,6,2026-08-01,1589.7,36.71,Sports,8.0
CUST02023,Tanvi Shukla,33,Female,44073.36,9211.58,8,2026-07-02,1657.35,37.6,Books,7.0
CUST02024,Arjun Gupta,44,Male,49883.36,11812.47,4,2026-06-23,2508.05,32.17,Fashion,8.0
CUST02025,Meera Agarwal,39,Male,62075.68,8323.41,5,2026-07-25,2546.45,32.83,Electronics,5.0
CUST02026,Arjun Mishra,29,Male,38026.73,16914.98,12,2026-07-08,1904.4,41.89,Electronics,8.0
CUST02027,Aditi Singh,37,Female,30355.75,3973.02,2,2026-08-02,1594.29,17.14,Electronics,5.0
CUST02028,Pooja Mishra,30,Female,44505.13,18519.39,9,2026-08-05,2274.99,37.73,Beauty,7.0
CUST02029,Aditi Rai,39,Male,46123.68,17304.76,6,2026-06-16,3500.85,44.42,Home & Kitchen,6.0
CUST02030,Neha Agarwal,30,Female,83817.69,5688.1,4,2026-06-08,1901.36,17.73,Sports,9.0
CUST02031,Nikhil Yadav,20,Female,39918.02,24130.36,7,2026-05-29,3208.72,70.46,Books,6.0
CUST02032,Aditi Tiwari,23,Male,38954.89,18249.18,9,2026-06-22,1820.46,60.85,Electronics,5.0
CUST02033,Varun Yadav,37,Male,30779.74,9904.87,6,2026-06-06,2203.53,28.02,Fashion,7.0
CUST02034,Diya Kumar,37,Male,48101.93,23729.02,9,2026-04-18,2477.39,39.94,Books,8.0
CUST02035,Diya Pandey,38,Female,42641.79,11026.78,6,2026-07-06,2617.75,28.36,Beauty,8.0
CUST02036,Aditya Pandey,33,Male,77781.28,16982.81,7,2025-12-25,2608.61,38.55,Books,6.0
CUST02037,Ananya Shukla,47,Female,119104.37,34162.21,7,2026-05-31,3730.73,57.47,Fashion,7.0
CUST02038,Diya Yadav,25,Male,43868.08,12137.98,4,2026-08-04,2782.16,55.28,Books,6.0
CUST02039,Rohan Rai,24,Female,94481.33,27300.68,7,2026-08-08,3733.76,68.4,Sports,7.0
CUST02040,Ananya Agarwal,31,Male,61593.75,11687.02,5,2026-06-08,2476.64,59.15,Beauty,7.0
CUST02041,Riya Tiwari,24,Female,30082.99,10570.67,7,2026-07-27,2260.16,57.06,Electronics,7.0
CUST02042,Akash Shukla,35,Female,50206.45,10655.11,8,2026-07-23,1806.6,28.23,Beauty,8.0
CUST02043,Aditya Srivastava,23,Male,19764.8,14318.88,9,2026-07-09,1806.81,21.63,Home & Kitchen,7.0
CUST02044,Suraj Tiwari,33,Female,105074.66,27160.37,12,2026-07-19,3008.07,51.54,Home & Kitchen,7.0
CUST02045,Ayush Jaiswal,48,Male,31383.73,15010.85,11,2026-07-31,1899.1,41.75,Electronics,7.0
CUST02046,Shreya Sinha,18,Male,40340.84,13174.86,6,2026-07-21,2840.59,23.14,Sports,8.0
CUST02047,Kavya Sinha,38,Female,40695.3,4508.31,3,2026-05-20,2096.27,0.0,Sports,6.0
CUST02048,Vikas Verma,18,Female,32539.56,12058.17,6,2026-04-24,1869.09,29.77,Fashion,9.0
CUST02049,Krishna Mishra,35,Female,18000.0,23116.02,7,2026-07-22,2515.92,40.48,Home & Kitchen,7.0
CUST02050,Ananya Pandey,29,Female,33109.97,27584.47,12,2026-07-17,2336.55,33.18,Electronics,5.0
CUST02051,Ananya Jaiswal,21,Male,55386.46,24575.87,8,2026-07-26,2766.82,18.99,Sports,4.0
CUST02052,Shreya Srivastava,31,Female,18000.0,18257.34,13,2026-06-19,2044.25,22.78,Books,9.0
CUST02053,Manish Mehta,22,Male,53286.62,9191.06,9,2026-07-31,907.96,49.64,Fashion,7.0
CUST02054,Suraj Mehta,27,Female,27642.4,36422.48,12,2026-07-29,2264.45,0.0,Sports,4.0
CUST02055,Manish Rai,31,Female,51236.86,5268.03,6,2026-04-28,1041.43,59.38,Books,7.0
CUST02056,Varun Singh,36,Male,78549.09,9327.84,6,2026-07-05,1800.12,55.75,Home & Kitchen,8.0
CUST02057,Varun Singh,40,Female,82962.62,30027.0,10,2026-06-29,2524.54,44.18,Books,7.0
CUST02058,Ayush Singh,34,Male,18114.13,7912.91,8,2026-08-04,1405.62,25.99,Fashion,7.0
CUST02059,Isha Shukla,23,Male,49160.54,21216.82,11,2026-06-25,2719.65,0.0,Beauty,8.0
CUST02060,Manish Rai,25,Male,46935.92,14229.92,5,2026-07-24,2150.32,19.39,Books,8.0
CUST02061,Nikhil Shukla,55,Male,42539.62,23662.4,8,2026-08-07,3000.53,11.82,Books,8.0
CUST02062,Riya Yadav,33,Male,115260.41,6893.38,2,2026-07-20,3690.92,42.19,Books,7.0
CUST02063,Sameer Shukla,24,Male,79383.2,34163.36,9,2026-07-24,3301.06,26.11,Books,6.0
CUST02064,Shreya Rai,18,Female,42660.18,14785.99,8,2026-08-01,2251.33,65.68,Books,8.0
CUST02065,Ankit Rai,33,Male,45227.69,12723.5,6,2026-08-02,1972.34,57.86,Fashion,6.0
CUST02066,Tanvi Kumar,31,Male,37188.75,10739.11,7,2026-06-22,2183.59,5.52,Sports,8.0
CUST02067,Manish Malhotra,18,Female,77402.02,49705.6,11,2026-06-20,3431.73,61.81,Beauty,6.0
CUST02068,Akash Agarwal,34,Male,55395.67,10179.69,7,2026-05-12,1595.79,38.27,Books,6.0
CUST02069,Varun Gupta,38,Male,54197.91,22341.12,8,2026-08-04,2266.37,38.14,Home & Kitchen,6.0
CUST02070,Diya Yadav,45,Female,74074.97,10389.48,6,2026-07-31,1752.28,45.35,Electronics,8.0
CUST02071,Isha Rai,25,Female,30394.49,24220.06,9,2026-08-02,3354.57,53.25,Electronics,5.0
CUST02072,Varun Malhotra,21,Female,35670.79,28525.52,9,2026-06-04,2486.38,41.21,Electronics,7.0
CUST02073,Meera Agarwal,33,Female,78072.98,15978.99,8,2026-07-24,3053.51,42.69,Home & Kitchen,6.0
CUST02074,Kavya Mishra,40,Female,79796.71,24225.28,10,2026-04-19,3341.35,17.85,Beauty,5.0
CUST02075,Manish Malhotra,38,Female,40160.95,15443.17,8,2026-07-19,2941.76,4.98,Fashion,6.0
CUST02076,Vikas Kumar,18,Male,37706.46,13278.97,9,2026-07-08,1445.99,45.74,Beauty,4.0
CUST02077,Aarav Kumar,24,Male,27388.06,36128.21,11,2026-07-23,2547.66,51.04,Books,8.0
CUST02078,Krishna Srivastava,38,Female,122051.34,31637.02,9,2026-05-13,4349.09,35.52,Home & Kitchen,9.0
CUST02079,Ankit Shukla,37,Female,54491.75,12269.74,5,2026-05-08,2583.54,48.51,Home & Kitchen,6.0
CUST02080,Sakshi Mehta,22,Male,30672.78,10838.61,7,2026-08-08,1153.3,0.0,Fashion,9.0
CUST02081,Manish Sharma,36,Male,96541.1,35177.44,12,2026-07-09,3265.82,35.06,Home & Kitchen,4.0
CUST02082,Isha Verma,31,Male,59866.5,16703.66,9,2026-07-22,2551.27,57.85,Fashion,8.0
CUST02083,Karan Verma,32,Female,25132.0,16378.71,14,2026-05-25,1238.34,42.42,Fashion,8.0
CUST02084,Sakshi Pandey,33,Male,37303.4,44474.37,9,2026-06-26,3761.12,9.88,Electronics,4.0
CUST02085,Neha Kumar,24,Female,40620.35,11448.45,6,2026-07-16,1922.79,25.38,Home & Kitchen,9.0
CUST02086,Yash Jaiswal,44,Female,83111.76,13040.51,7,2026-05-09,1860.51,50.26,Fashion,7.0
CUST02087,Suraj Sharma,45,Male,103846.83,16258.83,6,2026-06-08,2052.3,30.65,Fashion,7.0
CUST02088,Aarav Tiwari,20,Male,27820.24,13671.58,6,2025-11-27,2557.68,33.95,Electronics,8.0
CUST02089,Riya Sharma,36,Female,30952.97,14145.03,8,2026-06-30,1859.69,20.88,Beauty,6.0
CUST02090,Neha Singh,41,Female,41122.16,10182.71,5,2026-07-28,2388.55,53.1,Beauty,8.0
CUST02091,Shreya Rai,48,Male,58304.19,23343.59,8,2026-07-17,2695.99,66.36,Fashion,10.0
CUST02092,Akash Pandey,27,Male,33408.93,8525.42,8,2026-05-19,1258.48,13.62,Books,8.0
CUST02093,Manish Yadav,30,Male,63009.94,13939.42,7,2026-08-08,1783.67,51.42,Beauty,3.0
CUST02094,Nikhil Mishra,26,Male,21683.64,14069.5,6,2026-07-30,2055.5,34.77,Fashion,6.0
CUST02095,Ananya Jaiswal,41,Male,100323.26,19485.19,7,2026-05-23,3434.13,9.18,Electronics,8.0
CUST02096,Yash Kumar,26,Female,26657.73,39364.53,10,2026-08-06,2930.48,46.16,Beauty,5.0
CUST02097,Aditya Verma,24,Male,41459.31,12850.36,6,2026-06-24,1980.28,0.0,Beauty,6.0
CUST02098,Sameer Tiwari,47,Female,68601.26,20126.6,9,2026-04-26,2197.87,38.07,Fashion,8.0
CUST02099,Aditi Rai,33,Female,18000.0,26661.94,9,2026-06-09,3124.1,63.9,Beauty,6.0
CUST02100,Diya Srivastava,40,Male,31868.21,9991.3,6,2026-07-27,1929.56,49.79,Home & Kitchen,5.0
CUST02101,Ayush Agarwal,21,Female,49600.51,8449.42,3,2026-07-25,2453.14,31.29,Electronics,5.0
CUST02102,Aditi Agarwal,26,Male,40153.61,14376.07,10,2026-07-17,2118.42,16.0,Fashion,6.0
CUST02103,Yash Gupta,44,Female,35551.03,6879.76,7,2026-07-04,1002.43,19.08,Beauty,5.0
CUST02104,Neha Srivastava,25,Male,39017.01,12801.13,6,2026-07-10,2581.13,35.31,Home & Kitchen,8.0
CUST02105,Sakshi Sharma,29,Female,50276.87,23194.92,11,2026-08-06,2896.19,41.36,Books,6.0
CUST02106,Shreya Srivastava,33,Male,66726.41,28039.25,9,2026-05-12,3532.89,15.29,Books,6.0
CUST02107,Diya Yadav,19,Female,57745.94,15084.71,7,2026-06-20,2638.37,29.12,Sports,5.0
CUST02108,Akash Kumar,31,Female,65591.28,4445.2,5,2026-06-23,1250.3,62.85,Books,6.0
CUST02109,Yash Yadav,28,Male,32864.7,29650.47,15,2026-08-08,2912.36,31.95,Fashion,6.0
CUST02110,Aditya Shukla,46,Female,38657.51,24588.52,7,2026-07-22,2706.51,39.79,Sports,6.0
CUST02111,Neha Yadav,35,Female,79395.39,10762.89,7,2026-08-02,1785.71,15.31,Sports,5.0
CUST02112,Arjun Chauhan,18,Male,57547.54,19694.71,11,2026-06-26,2630.4,43.86,Sports,7.0
CUST02113,Sneha Shukla,33,Female,60223.46,19679.45,7,2026-07-26,2206.52,17.76,Home & Kitchen,6.0
CUST02114,Sameer Gupta,26,Female,50608.39,19334.2,12,2026-06-19,1671.46,35.07,Beauty,4.0
CUST02115,Nikhil Rai,33,Male,61362.16,22727.9,13,2026-07-20,1769.58,34.68,Electronics,4.0
CUST02116,Sameer Kumar,44,Male,49386.27,31159.11,11,2026-08-05,2648.8,47.03,Home & Kitchen,6.0
CUST02117,Aditi Yadav,37,Male,30646.67,14487.1,9,2026-08-02,1220.32,19.69,Books,5.0
CUST02118,Pooja Rai,21,Female,59634.68,13528.53,4,2026-07-10,3393.95,35.62,Electronics,9.0
CUST02119,Nikhil Jaiswal,19,Male,22869.3,6596.18,3,2026-07-26,2298.91,24.56,Sports,7.0
CUST02120,Diya Yadav,29,Female,38402.34,11837.16,6,2026-03-13,2120.0,58.35,Fashion,7.0
CUST02121,Arjun Sharma,38,Male,56497.5,11219.87,5,2026-05-18,2944.84,52.53,Sports,6.0
CUST02122,Shreya Rai,18,Female,29277.55,27791.46,9,2026-04-04,3079.71,35.34,Home & Kitchen,5.0
CUST02123,Isha Pandey,18,Female,95956.79,11907.74,3,2026-07-22,3183.72,30.8,Sports,10.0
CUST02124,Aditi Shukla,43,Male,18000.0,30639.88,11,2026-06-22,3618.51,23.04,Fashion,8.0
CUST02125,Ananya Pandey,29,Female,33305.09,4996.45,4,2026-07-19,1844.08,7.62,Fashion,
CUST02126,Aditi Tiwari,23,Female,53052.11,13489.76,5,2026-06-02,2138.91,28.7,Fashion,6.0
CUST02127,Kavya Srivastava,31,Male,34606.27,5584.21,4,2026-04-22,2144.54,0.23,Home & Kitchen,7.0
CUST02128,Vikas Shukla,31,Male,26965.41,43918.14,11,2026-07-10,3041.95,57.87,Home & Kitchen,6.0
CUST02129,Riya Sinha,28,Male,58263.92,25705.34,11,2026-08-03,2497.06,54.84,Home & Kitchen,6.0
CUST02130,Aarav Srivastava,18,Male,48291.94,31346.54,11,2026-07-04,2618.79,0.0,Fashion,9.0
CUST02131,Aarav Shukla,28,Female,29165.19,12514.99,10,2026-06-25,1617.52,20.81,Books,5.0
CUST02132,Sameer Jaiswal,28,Male,38677.01,13145.3,4,2026-06-04,2843.28,47.11,Books,9.0
CUST02133,Rohan Shukla,33,Female,57455.57,4796.81,7,2026-06-15,544.28,34.06,Fashion,7.0
CUST02134,Diya Yadav,31,Female,75939.23,21790.87,8,2026-06-27,3386.0,64.4,Sports,8.0
CUST02135,Ayush Chauhan,39,Female,35313.23,24976.01,9,2026-06-20,3656.52,32.62,Home & Kitchen,8.0
CUST02136,Aditya Malhotra,35,Male,89200.96,36130.79,13,2026-08-05,2168.75,49.54,Fashion,9.0
CUST02137,Varun Mishra,29,Female,18642.43,17972.53,7,2026-03-12,3293.7,26.73,Fashion,8.0
CUST02138,Ankit Sinha,39,Female,56850.66,37833.0,11,2026-07-18,2624.77,18.12,Electronics,8.0
CUST02139,Ankit Jaiswal,24,Female,34995.24,20858.38,8,2026-03-08,3412.5,0.0,Books,7.0
CUST02140,Aditya Chauhan,39,Male,46566.91,13812.09,10,2026-07-29,1977.06,45.03,Fashion,6.0
CUST02141,Krishna Gupta,33,Female,26802.39,20434.46,7,2026-02-06,2269.3,32.17,Books,4.0
CUST02142,Suraj Sharma,43,Male,43360.14,13706.75,9,2026-04-02,1314.34,30.81,Sports,6.0
CUST02143,Aarav Gupta,31,Male,66168.98,10979.86,4,2026-07-25,3001.56,70.44,Electronics,8.0
CUST02144,Sneha Singh,38,Male,29246.23,15437.47,10,2026-07-15,2079.05,31.4,Home & Kitchen,6.0
CUST02145,Riya Sharma,39,Male,24734.51,25523.46,10,2026-06-13,1952.8,68.25,Electronics,7.0
CUST02146,Tanvi Agarwal,44,Male,33081.48,19063.83,10,2026-07-12,1851.47,23.19,Books,6.0
CUST02147,Neha Mehta,24,Male,56315.56,14743.78,5,2026-07-26,3724.94,46.74,Fashion,8.0
CUST02148,Ananya Tiwari,26,Female,58091.62,30429.42,10,2026-07-30,3449.15,10.75,Electronics,9.0
CUST02149,Akash Sharma,34,Female,53965.96,58989.1,14,2026-05-15,3868.3,37.75,Electronics,6.0
CUST02150,Akash Rai,18,Male,61672.05,7904.77,3,2026-05-04,2555.08,48.23,Beauty,5.0
CUST02151,Ayush Sharma,20,Male,60388.58,13295.5,11,2026-08-03,1857.09,21.21,Fashion,6.0
CUST02152,Kavya Sinha,27,Female,83396.79,27332.49,8,2026-07-16,3714.59,67.43,Fashion,7.0
CUST02153,Sameer Gupta,32,Female,18000.0,27814.96,14,2026-07-15,1757.07,35.82,Beauty,6.0
CUST02154,Ayush Gupta,36,Male,26440.26,28238.92,9,2026-06-25,2335.37,36.16,Home & Kitchen,7.0
CUST02155,Karan Gupta,27,Female,37162.68,14280.56,9,2026-07-27,2255.79,87.68,Home & Kitchen,7.0
CUST02156,Riya Kumar,18,Male,63650.73,22453.91,7,2026-08-08,2512.08,37.55,Fashion,6.0
CUST02157,Riya Mishra,39,Female,69535.93,17948.03,7,2026-04-13,2510.44,65.92,Books,8.0
CUST02158,Sakshi Sinha,22,Female,47312.22,6866.62,5,2026-06-28,1818.6,23.58,Sports,5.0
CUST02159,Akash Pandey,34,Female,58374.45,11381.11,5,2026-07-05,2546.48,79.34,Beauty,7.0
CUST02160,Suraj Singh,21,Female,67946.68,8419.04,3,2026-06-17,2153.73,10.17,Electronics,8.0
CUST02161,Ananya Agarwal,36,Male,53148.71,28671.19,10,2026-06-23,2400.37,33.36,Fashion,8.0
CUST02162,Suraj Malhotra,44,Female,24654.11,18072.13,11,2026-06-03,1706.6,82.88,Electronics,7.0
CUST02163,Shreya Pandey,23,Male,61901.72,14926.83,6,2026-07-18,2359.25,8.74,Fashion,8.0
CUST02164,Ananya Mishra,31,Male,24876.18,16410.39,7,2026-05-23,2675.77,10.21,Beauty,8.0
CUST02165,Manish Malhotra,46,Female,77332.08,19194.86,7,2026-08-01,3139.16,30.93,Books,8.0
CUST02166,Rohan Agarwal,31,Female,48264.78,26273.84,14,2026-08-02,1751.93,4.0,Fashion,8.0
CUST02167,Pooja Malhotra,43,Male,99535.17,24493.67,11,2026-08-04,2424.99,65.38,Sports,7.0
CUST02168,Tanvi Tiwari,27,Female,29899.76,10849.3,7,2026-07-11,1515.45,26.52,Beauty,7.0
CUST02169,Manish Rai,38,Male,45027.64,13369.42,5,2026-05-24,2530.47,19.49,Sports,8.0
CUST02170,Ayush Srivastava,47,Male,45851.17,53963.37,13,2026-07-20,3634.35,42.95,Electronics,6.0
CUST02171,Aarav Srivastava,25,Male,25832.32,16624.86,5,2026-07-17,2470.75,21.02,Sports,7.0
CUST02172,Yash Gupta,31,Female,62582.99,24968.62,8,2026-07-28,2363.86,61.29,Electronics,7.0
CUST02173,Varun Kumar,30,Female,56791.81,17435.98,7,2026-07-25,2759.64,33.97,Home & Kitchen,4.0
CUST02174,Varun Shukla,29,Female,26130.38,17912.08,10,2026-06-29,2385.42,3.98,Beauty,6.0
CUST02175,Ayush Verma,44,Male,29110.66,20854.15,9,2026-07-25,2905.43,35.14,Books,6.0
CUST02176,Sameer Kumar,25,Male,37309.26,5840.39,3,2026-08-08,2659.32,35.35,Beauty,8.0
CUST02177,Manish Srivastava,31,Male,40371.97,21779.56,9,2026-06-16,2127.83,0.0,Electronics,8.0
CUST02178,Aditya Malhotra,42,Male,86601.11,22748.43,6,2026-07-12,3403.65,71.32,Sports,6.0
CUST02179,Kavya Kumar,29,Male,63365.85,7037.01,4,2026-08-06,2621.33,2.26,Electronics,5.0
CUST02180,Rahul Chauhan,34,Male,78420.0,14280.05,9,2026-07-05,2253.97,44.04,Fashion,6.0
CUST02181,Ananya Rai,41,Male,21441.05,18482.45,7,2026-07-16,2697.44,73.4,Books,7.0
CUST02182,Shreya Agarwal,30,Female,50982.06,12694.51,5,2026-07-27,2593.02,3.31,Beauty,6.0
CUST02183,Ananya Verma,37,Male,65956.36,12381.1,8,2026-06-05,1819.17,10.88,Books,6.0
CUST02184,Ankit Rai,21,Male,25662.09,20042.09,12,2026-07-09,1556.66,27.11,Fashion,8.0
CUST02185,Manish Mehta,26,Male,28905.4,18070.04,12,2026-03-08,1623.59,42.61,Sports,6.0
CUST02186,Nikhil Sinha,40,Female,38663.17,24090.55,9,2026-05-06,2069.52,27.37,Books,7.0
CUST02187,Ankit Pandey,39,Male,129225.62,14389.59,6,2026-06-29,2533.64,54.43,Electronics,8.0
CUST02188,Ananya Yadav,35,Female,23194.49,30027.07,10,2026-07-27,2249.98,0.4,Beauty,7.0
CUST02189,Ankit Shukla,24,Male,46957.42,8934.99,4,2026-05-27,2780.94,68.46,Sports,7.0
CUST02190,Meera Malhotra,29,Male,50649.11,9762.08,4,2026-06-11,1997.82,85.09,Home & Kitchen,7.0
CUST02191,Ankit Verma,21,Female,24896.63,32922.6,11,2026-07-29,2435.13,60.15,Home & Kitchen,6.0
CUST02192,Akash Gupta,35,Female,55529.92,23443.14,11,2026-02-21,2710.37,0.0,Electronics,7.0
CUST02193,Varun Agarwal,30,Female,98422.02,14008.08,6,2026-08-02,2177.4,35.56,Electronics,5.0
CUST02194,Pooja Gupta,37,Male,46289.95,5669.7,2,2026-06-26,3344.78,19.71,Electronics,6.0
CUST02195,Sneha Sinha,27,Male,72583.38,12364.88,5,2026-08-07,2315.57,4.39,Fashion,8.0
CUST02196,Aditi Tiwari,31,Male,45609.52,13886.01,6,2026-07-26,2109.94,45.52,Home & Kitchen,8.0
CUST02197,Rahul Verma,24,Male,63855.72,20363.67,7,2026-08-08,2181.28,26.61,Sports,7.0
CUST02198,Karan Singh,35,Female,52756.16,9650.65,6,2026-07-31,2358.5,53.48,Home & Kitchen,6.0
CUST02199,Sneha Sinha,26,Male,43015.38,40929.68,11,2026-04-27,2784.3,31.57,Beauty,7.0
CUST02200,Krishna Srivastava,33,Male,25676.33,8264.81,6,2026-07-06,1583.06,53.09,Fashion,6.0
CUST02201,Vikas Rai,35,Male,51584.11,17305.78,11,2026-07-24,1783.89,12.27,Electronics,7.0
CUST02202,Suraj Jaiswal,30,Male,55250.43,7654.83,5,2026-07-23,2296.75,38.14,Beauty,9.0
CUST02203,Ananya Mehta,35,Male,40916.02,11120.66,6,2026-06-09,2172.64,23.52,Electronics,7.0
CUST02204,Ayush Yadav,40,Male,30428.41,51336.6,13,2026-07-04,2998.52,7.83,Books,8.0
CUST02205,Ankit Rai,34,Male,26467.45,12793.4,9,2026-08-08,1196.36,43.95,Sports,7.0
CUST02206,Ananya Agarwal,31,Female,63880.73,5237.19,2,2026-07-13,2718.54,33.87,Home & Kitchen,7.0
CUST02207,Manish Verma,45,Female,32573.78,24783.74,10,2026-07-03,2281.21,48.73,Books,7.0
CUST02208,Riya Singh,29,Female,71196.6,22362.07,8,2026-08-01,3419.79,40.2,Fashion,6.0
CUST02209,Aarav Kumar,38,Female,38159.36,16476.08,6,2026-08-08,3823.55,42.57,Home & Kitchen,8.0
CUST02210,Meera Agarwal,29,Male,25319.85,17239.14,9,2026-01-22,1916.92,5.71,Fashion,7.0
CUST02211,Diya Srivastava,24,Female,55144.19,13229.49,6,2026-07-28,2889.68,3.49,Home & Kitchen,8.0
CUST02212,Sameer Mehta,34,Male,93784.01,29405.64,14,2026-08-07,3001.46,41.45,Home & Kitchen,6.0
CUST02213,Sneha Mehta,26,Female,25725.77,11168.31,8,2026-08-02,1045.77,10.05,Books,7.0
CUST02214,Rahul Malhotra,41,Male,44828.99,17462.04,10,2026-07-19,1335.14,66.98,Electronics,7.0
CUST02215,Krishna Chauhan,32,Female,26705.47,31113.71,11,2026-04-22,2260.46,59.5,Sports,8.0
CUST02216,Nikhil Agarwal,23,Male,86087.66,29795.43,10,2026-07-04,3108.29,26.57,Home & Kitchen,8.0
CUST02217,Nikhil Mehta,33,Male,46387.89,15946.56,6,2026-06-30,2357.13,27.36,Home & Kitchen,6.0
CUST02218,Rohan Verma,33,Male,72712.75,16616.64,7,2026-07-28,2188.99,12.91,Books,7.0
CUST02219,Pooja Sharma,29,Male,28984.02,10835.46,7,2026-07-29,1358.04,8.9,Fashion,7.0
CUST02220,Ankit Jaiswal,21,Male,47871.9,18369.33,10,2026-07-19,2152.33,35.23,Electronics,6.0
CUST02221,Meera Singh,38,Male,24149.1,9192.82,4,2026-07-24,2493.29,16.68,Home & Kitchen,7.0
CUST02222,Pooja Mehta,21,Female,32362.45,15224.41,10,2026-04-29,1556.78,18.3,Electronics,5.0
CUST02223,Akash Jaiswal,48,Male,21991.4,6157.45,3,2026-06-30,2644.3,42.07,Beauty,5.0
CUST02224,Aditya Agarwal,28,Male,27052.16,13556.2,6,2026-07-09,2426.65,0.0,Home & Kitchen,7.0
CUST02225,Shreya Malhotra,47,Female,43356.4,9235.88,7,2026-04-25,1651.65,26.19,Electronics,6.0
CUST02226,Pooja Kumar,21,Female,65584.65,16473.12,6,2026-06-22,2835.68,42.15,Beauty,7.0
CUST02227,Karan Verma,23,Male,37184.7,6393.57,4,2026-05-08,1455.53,71.07,Sports,9.0
CUST02228,Suraj Srivastava,35,Female,35595.95,4612.38,3,2026-05-14,2216.38,10.04,Beauty,7.0
CUST02229,Arjun Sharma,36,Female,89090.92,20387.2,9,2026-07-11,2833.7,98.65,Books,5.0
CUST02230,Rohan Mishra,31,Female,30819.88,12882.14,10,2026-07-23,1535.61,43.39,Electronics,7.0
CUST02231,Krishna Singh,18,Male,113753.1,14171.91,6,2026-07-16,3381.6,41.21,Home & Kitchen,5.0
CUST02232,Nikhil Yadav,34,Female,20137.79,12240.15,7,2026-07-09,1387.88,60.01,Books,5.0
CUST02233,Aditi Singh,19,Female,26584.08,12531.77,8,2026-07-28,2011.25,44.54,Beauty,6.0
CUST02234,Isha Mishra,34,Female,59243.44,6187.13,7,2026-08-03,667.4,49.75,Fashion,8.0
CUST02235,Neha Malhotra,35,Female,58051.98,23266.66,10,2026-08-01,1776.95,52.33,Sports,7.0
CUST02236,Manish Srivastava,18,Male,47611.08,18055.11,8,2026-07-21,1702.14,0.0,Books,7.0
CUST02237,Pooja Yadav,36,Female,42108.0,11298.51,9,2026-07-15,1023.88,24.29,Electronics,8.0
CUST02238,Tanvi Agarwal,20,Male,48987.73,16800.96,9,2026-07-23,2129.53,40.45,Electronics,6.0
CUST02239,Yash Kumar,37,Male,110326.05,40862.84,10,2026-06-16,3198.53,24.08,Beauty,7.0
CUST02240,Sakshi Chauhan,25,Female,52665.92,20403.86,10,2026-08-08,2796.87,35.05,Home & Kitchen,6.0
CUST02241,Tanvi Kumar,40,Male,43079.57,25635.25,7,2026-06-04,2729.37,15.02,Books,5.0
CUST02242,Rahul Gupta,36,Female,30385.43,17340.54,8,2026-07-25,1975.47,72.54,Electronics,5.0
CUST02243,Arjun Chauhan,35,Male,30144.28,23739.82,7,2026-06-22,2893.7,18.91,Books,6.0
CUST02244,Arjun Srivastava,28,Male,38398.72,7569.29,6,2026-06-09,1178.29,61.03,Fashion,6.0
CUST02245,Rahul Sharma,23,Male,40244.05,28077.78,10,2026-06-27,2110.76,20.0,Home & Kitchen,8.0
CUST02246,Vikas Sinha,36,Female,200698.29,16437.32,8,2026-07-29,3106.85,57.61,Sports,6.0
CUST02247,Rohan Mehta,35,Male,38531.02,15646.55,8,2026-08-06,1716.35,50.15,Beauty,4.0
CUST02248,Tanvi Shukla,21,Female,39929.93,9256.51,5,2026-06-20,2065.7,5.48,Beauty,6.0
CUST02249,Ankit Mehta,40,Female,61124.26,11176.48,7,2026-05-03,2189.08,8.72,Beauty,9.0
CUST02250,Riya Mishra,33,Female,31271.0,5441.32,5,2026-07-11,1406.34,39.89,Sports,6.0
CUST02251,Varun Chauhan,35,Female,24978.59,13867.95,9,2026-07-28,1680.18,6.19,Books,8.0
CUST02252,Yash Gupta,43,Female,48838.63,19700.47,9,2026-04-12,1917.66,37.0,Electronics,7.0
CUST02253,Aarav Chauhan,37,Male,50109.07,9798.63,5,2025-09-29,2749.54,40.72,Electronics,5.0
CUST02254,Riya Shukla,26,Female,45670.48,11338.28,7,2026-06-03,1378.56,18.7,Electronics,7.0
CUST02255,Suraj Verma,25,Female,38083.11,7001.52,6,2026-05-29,1164.18,34.94,Books,6.0
CUST02256,Arjun Tiwari,18,Female,64207.61,18865.7,6,2026-07-17,2523.11,18.25,Beauty,7.0
CUST02257,Varun Malhotra,44,Female,70008.65,26242.93,12,2026-06-27,2995.15,36.59,Electronics,8.0
CUST02258,Yash Mehta,24,Female,27437.98,13634.27,7,2026-07-10,1467.42,43.62,Beauty,7.0
CUST02259,Kavya Tiwari,37,Female,38142.1,10354.31,10,2026-08-05,1580.03,2.28,Sports,10.0
CUST02260,Sakshi Pandey,43,Female,29972.89,15230.83,8,2026-05-04,2273.73,60.82,Home & Kitchen,7.0
CUST02261,Aarav Chauhan,36,Female,90735.95,29281.34,10,2025-09-19,2611.35,41.1,Electronics,7.0
CUST02262,Suraj Srivastava,24,Male,20778.26,12493.65,9,2025-09-24,2076.96,28.75,Sports,6.0
CUST02263,Rahul Chauhan,31,Female,41869.41,3668.83,6,2026-05-30,691.27,41.87,Fashion,5.0
CUST02264,Rohan Jaiswal,25,Female,34150.99,8229.27,11,2026-07-21,953.18,57.32,Electronics,7.0
CUST02265,Rohan Jaiswal,38,Female,73193.11,13881.3,9,2026-06-12,2083.69,28.48,Books,7.0
CUST02266,Karan Rai,33,Male,59493.51,30641.69,12,2026-07-11,2739.24,53.04,Fashion,5.0
CUST02267,Sameer Kumar,31,Female,92091.23,16761.2,9,2026-08-07,2294.45,24.56,Sports,7.0
CUST02268,Suraj Jaiswal,23,Male,31101.25,6033.23,7,2026-04-21,789.27,23.52,Books,8.0
CUST02269,Ankit Agarwal,36,Female,37703.39,14756.58,6,2026-06-25,1989.61,21.85,Fashion,8.0
CUST02270,Manish Sharma,35,Male,18000.0,16391.15,9,2026-07-02,2546.17,37.12,Books,8.0
CUST02271,Sameer Shukla,46,Male,51682.6,9161.6,12,2026-06-25,1140.4,64.66,Electronics,6.0
CUST02272,Shreya Kumar,18,Female,34621.31,9601.77,5,2026-07-09,2876.06,45.9,Beauty,6.0
CUST02273,Rohan Tiwari,36,Female,52691.03,11377.73,8,2026-06-05,1821.98,13.06,Home & Kitchen,5.0
CUST02274,Ayush Jaiswal,25,Male,36888.27,13872.14,6,2026-08-01,2256.09,68.61,Home & Kitchen,4.0
CUST02275,Yash Kumar,21,Male,24325.52,12518.73,11,2026-07-06,1350.86,37.2,Books,6.0
CUST02276,Rahul Gupta,18,Male,63571.21,35108.06,12,2026-08-03,2667.29,43.64,Electronics,6.0
CUST02277,Akash Gupta,20,Female,27864.58,32025.79,14,2026-07-13,1760.96,53.17,Fashion,6.0
CUST02278,Ankit Singh,25,Female,31018.9,11633.53,6,2026-08-08,2326.53,45.59,Electronics,7.0
CUST02279,Yash Yadav,48,Female,86831.54,40440.88,11,2026-05-04,2961.92,12.67,Beauty,9.0
CUST02280,Aarav Chauhan,42,Male,50777.15,14615.4,8,2026-04-24,1838.46,52.95,Electronics,8.0
CUST02281,Aditya Yadav,18,Female,70476.69,32932.5,9,2026-05-21,2769.05,48.39,Books,8.0
CUST02282,Karan Mehta,47,Female,51405.39,15767.22,9,2026-04-14,1919.53,47.27,Fashion,5.0
CUST02283,Vikas Mishra,43,Male,53818.54,17290.67,11,2026-07-23,1829.62,53.56,Books,7.0
CUST02284,Karan Srivastava,38,Male,50788.54,13623.36,10,2026-06-25,1861.0,24.85,Beauty,5.0
CUST02285,Shreya Pandey,41,Male,100523.6,15186.51,6,2026-07-09,3326.56,23.96,Electronics,8.0
CUST02286,Pooja Sharma,30,Male,48889.36,7690.32,4,2026-05-30,1789.65,45.39,Sports,7.0
CUST02287,Kavya Gupta,23,Male,37308.59,20902.21,12,2026-07-29,2173.47,51.64,Fashion,8.0
CUST02288,Ayush Singh,20,Male,35977.45,14062.47,8,2026-07-15,1999.15,40.67,Books,9.0
CUST02289,Neha Yadav,26,Male,71150.53,24538.0,13,2026-08-02,2254.28,51.4,Electronics,6.0
CUST02290,Rohan Sinha,33,Female,76026.65,43907.52,17,2026-06-28,2254.42,37.95,Beauty,7.0
CUST02291,Krishna Yadav,32,Female,32957.23,14160.43,9,2026-08-07,1647.1,59.26,Home & Kitchen,8.0
CUST02292,Varun Pandey,19,Male,36161.7,17566.55,7,2026-06-28,3182.58,24.73,Beauty,7.0
CUST02293,Sneha Sinha,32,Male,33317.94,7618.96,4,2026-08-05,1799.38,47.22,Fashion,9.0
CUST02294,Neha Chauhan,40,Male,63310.49,11127.26,6,2026-06-16,1407.48,46.87,Beauty,9.0
CUST02295,Diya Agarwal,40,Female,63113.1,7161.22,4,2026-07-24,1677.21,43.38,Sports,8.0
CUST02296,Manish Yadav,48,Male,50968.03,35833.23,13,2026-08-06,2563.84,54.66,Sports,5.0
CUST02297,Rohan Singh,28,Female,18000.0,22430.26,12,2026-08-08,2050.06,35.41,Beauty,7.0
CUST02298,Nikhil Pandey,36,Male,37359.34,20626.92,10,2026-07-27,1620.83,69.49,Sports,8.0
CUST02299,Tanvi Rai,30,Female,77631.64,12557.01,5,2026-07-30,2935.83,41.88,Home & Kitchen,6.0
CUST02300,Ankit Agarwal,18,Female,37332.85,7506.73,9,2026-08-08,1243.12,27.04,Beauty,7.0
CUST02301,Aditya Yadav,18,Male,51481.17,24150.27,11,2026-06-22,2438.28,25.08,Books,6.0
CUST02302,Sneha Agarwal,34,Female,45895.74,24467.78,10,2026-07-01,2687.66,25.17,Electronics,5.0
CUST02303,Aarav Agarwal,23,Male,60063.39,29710.01,10,2026-05-31,3403.16,37.5,Fashion,7.0
CUST02304,Karan Tiwari,47,Female,80585.34,20465.32,6,2026-07-30,3257.06,33.25,Sports,5.0
CUST02305,Riya Yadav,31,Male,36453.13,8701.54,4,2026-08-01,2364.77,45.18,Sports,7.0
CUST02306,Diya Singh,31,Male,29790.21,16748.82,10,2026-04-22,2319.64,15.77,Sports,8.0
CUST02307,Manish Agarwal,44,Female,40464.38,14260.73,6,2026-07-22,2108.03,8.26,Home & Kitchen,5.0
CUST02308,Suraj Malhotra,18,Male,39417.27,12618.37,8,2026-07-24,2001.68,23.01,Beauty,5.0
CUST02309,Manish Gupta,38,Male,40056.49,22735.23,8,2026-07-27,2115.8,26.51,Electronics,9.0
CUST02310,Karan Jaiswal,18,Female,60167.49,23368.06,9,2026-07-16,3372.9,34.6,Fashion,7.0
CUST02311,Rohan Sharma,23,Male,40646.51,14092.61,8,2026-08-08,2073.6,14.56,Beauty,9.0
CUST02312,Krishna Verma,18,Female,30787.88,10095.25,6,2026-04-21,2268.37,0.2,Sports,6.0
CUST02313,Aarav Singh,26,Male,28536.77,13271.77,7,2026-07-25,2139.5,19.26,Beauty,9.0
CUST02314,Manish Sinha,47,Male,35363.14,29474.17,9,2026-08-08,2660.59,50.22,Home & Kitchen,9.0
CUST02315,Krishna Singh,38,Female,56194.39,20209.82,9,2026-05-24,1906.9,0.0,Sports,5.0
CUST02316,Aditi Jaiswal,26,Female,21801.19,5584.5,3,2026-07-28,1869.59,48.45,Home & Kitchen,6.0
CUST02317,Rohan Gupta,26,Female,47697.59,9385.02,4,2026-07-14,2357.25,49.72,Home & Kitchen,6.0
CUST02318,Aditi Sharma,28,Male,61787.68,6188.73,4,2026-06-21,2307.5,24.91,Fashion,10.0
CUST02319,Varun Chauhan,18,Male,68021.37,21770.43,6,2026-08-01,2696.74,40.07,Fashion,9.0
CUST02320,Shreya Srivastava,30,Male,110213.39,3783.08,3,2026-07-29,1772.07,56.13,Sports,7.0
CUST02321,Varun Verma,40,Male,20185.94,15445.23,6,2026-07-01,1974.27,22.73,Home & Kitchen,9.0
CUST02322,Isha Singh,31,Male,30687.17,26532.17,16,2026-06-27,2279.2,0.0,Home & Kitchen,6.0
CUST02323,Suraj Jaiswal,22,Female,38971.02,3783.76,3,2026-07-17,1114.63,27.37,Home & Kitchen,8.0
CUST02324,Rahul Mehta,38,Male,50847.97,23912.66,10,2026-06-28,1843.12,0.0,Electronics,6.0
CUST02325,Ananya Chauhan,33,Male,37809.27,3034.35,5,2026-08-01,694.73,20.5,Books,3.0
CUST02326,Nikhil Rai,37,Female,23915.8,27783.16,10,2026-07-06,2485.6,32.62,Fashion,6.0
CUST02327,Diya Agarwal,32,Female,21810.92,20005.95,10,2026-03-27,1797.66,2.72,Books,6.0
CUST02328,Diya Sinha,31,Female,30173.47,12285.62,7,2026-07-29,2171.92,41.41,Books,4.0
CUST02329,Tanvi Tiwari,28,Male,47441.19,36350.91,16,2026-06-01,2532.51,35.89,Books,8.0
CUST02330,Aditya Malhotra,43,Male,27967.57,8059.88,4,2026-07-25,1773.0,29.66,Electronics,6.0
CUST02331,Arjun Mehta,18,Male,37920.06,11557.44,8,2026-07-14,2191.6,34.35,Beauty,5.0
CUST02332,Karan Yadav,29,Male,53287.14,12062.18,6,2026-07-22,2027.9,56.34,Sports,7.0
CUST02333,Isha Mehta,39,Female,78385.4,32180.5,10,2026-08-08,2721.76,17.62,Books,7.0
CUST02334,Akash Kumar,40,Male,33245.17,14701.49,10,2026-07-03,1182.3,17.95,Fashion,7.0
CUST02335,Meera Rai,39,Female,48233.4,14960.47,5,2026-07-24,3252.62,4.38,Fashion,8.0
CUST02336,Diya Chauhan,25,Female,40378.23,10315.66,9,2026-06-26,1466.52,34.76,Fashion,7.0
CUST02337,Rahul Gupta,40,Female,37251.38,39032.92,9,2026-06-15,3295.47,57.38,Fashion,6.0
CUST02338,Shreya Gupta,35,Female,41954.82,19859.51,6,2026-07-09,2619.98,42.85,Fashion,5.0
CUST02339,Ankit Pandey,25,Male,39637.28,34579.36,12,2026-07-24,2258.55,29.81,Electronics,8.0
CUST02340,Meera Srivastava,34,Female,18000.0,19592.57,9,2026-07-21,1955.37,43.74,Home & Kitchen,8.0
CUST02341,Aditya Srivastava,18,Male,52479.64,46064.97,11,2026-07-03,3224.18,33.06,Beauty,7.0
CUST02342,Nikhil Chauhan,41,Male,36160.63,5869.33,4,2026-07-08,1942.37,27.19,Sports,7.0
CUST02343,Diya Srivastava,44,Female,34971.52,18090.88,16,2026-03-25,1645.32,34.61,Electronics,5.0
CUST02344,Shreya Chauhan,35,Male,24981.41,21585.52,6,2026-08-01,3258.58,26.89,Fashion,7.0
CUST02345,Ankit Pandey,46,Female,34690.38,12872.31,7,2026-08-07,2349.69,30.88,Sports,9.0
CUST02346,Akash Verma,45,Female,46758.29,15071.77,7,2026-08-08,2125.41,33.69,Books,8.0
CUST02347,Ayush Gupta,37,Male,50157.11,22764.38,7,2026-07-27,2461.29,60.64,Electronics,6.0
CUST02348,Ayush Singh,49,Male,44172.87,11128.05,5,2026-08-04,2114.27,0.0,Sports,6.0
CUST02349,Vikas Jaiswal,27,Male,72566.06,13717.81,9,2026-07-26,1808.45,50.06,Beauty,7.0
CUST02350,Shreya Pandey,32,Female,50146.91,10050.54,10,2026-08-03,1394.14,46.53,Beauty,7.0
CUST02351,Arjun Srivastava,33,Male,83462.74,20758.71,12,2026-06-06,2247.43,21.49,Books,
CUST02352,Isha Sharma,36,Female,40738.7,39800.26,14,2026-03-16,2484.82,29.27,Electronics,10.0
CUST02353,Sameer Malhotra,45,Male,88474.24,18932.76,8,2026-07-04,2361.24,30.56,Books,7.0
CUST02354,Sameer Tiwari,29,Female,33002.04,24742.19,9,2026-06-20,2204.96,12.95,Fashion,7.0
CUST02355,Ankit Mishra,27,Female,68684.72,16613.27,7,2026-07-06,2105.86,29.85,Home & Kitchen,7.0
CUST02356,Aarav Malhotra,29,Female,36104.53,8603.99,8,2026-07-20,1435.37,39.55,Beauty,6.0
CUST02357,Diya Singh,30,Female,39146.07,14758.03,7,2026-07-29,3172.37,31.45,Fashion,7.0
CUST02358,Neha Sharma,31,Male,33838.38,4958.22,3,2026-08-08,1550.7,26.95,Beauty,6.0
CUST02359,Aditi Sharma,38,Male,59463.15,43790.11,12,2026-04-20,3720.62,54.6,Sports,5.0
CUST02360,Nikhil Rai,34,Female,95970.87,9854.76,3,2026-07-22,2660.39,36.44,Fashion,9.0
CUST02361,Akash Sinha,29,Male,81824.21,13394.27,5,2026-07-21,2246.08,34.35,Books,6.0
CUST02362,Shreya Srivastava,39,Female,44741.05,22857.64,15,2026-05-30,1576.12,46.06,Sports,6.0
CUST02363,Diya Srivastava,29,Female,81643.93,21466.78,9,2026-06-05,2140.37,19.91,Beauty,8.0
CUST02364,Isha Agarwal,32,Male,32187.69,4825.84,8,2026-08-08,490.66,38.6,Sports,7.0
CUST02365,Sakshi Rai,43,Female,82957.3,15125.21,10,2026-04-13,2074.98,25.01,Books,5.0
CUST02366,Manish Tiwari,18,Male,45582.85,21533.96,9,2026-07-05,3175.27,37.43,Books,6.0
CUST02367,Aarav Tiwari,33,Male,25938.89,21945.22,10,2026-02-23,2438.26,0.0,Sports,4.0
CUST02368,Shreya Singh,46,Female,53486.47,21484.08,10,2026-06-19,2382.9,43.79,Fashion,6.0
CUST02369,Diya Shukla,43,Female,40673.15,3851.66,9,2026-07-29,390.08,29.23,Beauty,7.0
CUST02370,Sakshi Srivastava,36,Male,26592.39,20296.78,11,2026-06-29,2207.88,45.16,Home & Kitchen,7.0
CUST02371,Diya Sinha,39,Female,48414.18,27044.01,10,2026-05-14,2545.55,53.23,Fashion,8.0
CUST02372,Sameer Agarwal,19,Male,30802.73,16233.6,5,2026-07-22,3075.53,45.14,Sports,6.0
CUST02373,Meera Srivastava,18,Male,34352.54,17748.04,10,2026-07-21,1861.51,27.98,Home & Kitchen,7.0
CUST02374,Neha Kumar,26,Male,36576.42,13294.55,7,2026-08-04,1429.46,39.52,Beauty,5.0
CUST02375,Isha Shukla,35,Male,53361.6,11954.68,5,2025-11-18,2352.75,26.81,Books,6.0
CUST02376,Isha Singh,38,Male,22581.16,7153.87,8,2026-06-23,1036.73,36.27,Home & Kitchen,9.0
CUST02377,Arjun Sinha,34,Male,68902.43,20988.82,9,2026-07-19,2409.93,75.43,Sports,5.0
CUST02378,Isha Sharma,27,Male,27598.48,4953.96,7,2026-03-17,1029.79,37.9,Beauty,6.0
CUST02379,Aarav Verma,31,Female,94351.11,24729.49,8,2026-07-25,2779.4,21.35,Home & Kitchen,6.0
CUST02380,Isha Rai,29,Male,26556.53,27985.84,11,2026-07-23,2842.16,27.31,Books,8.0
CUST02381,Sameer Pandey,25,Male,56560.23,34972.91,10,2026-07-24,2654.33,31.04,Fashion,8.0
CUST02382,Yash Singh,24,Male,40733.85,28221.93,9,2026-07-16,3292.37,34.32,Home & Kitchen,8.0
CUST02383,Yash Srivastava,18,Male,48910.88,24849.67,11,2026-07-25,3359.22,58.99,Fashion,7.0
CUST02384,Vikas Gupta,18,Female,56479.18,25187.22,12,2026-07-22,2219.23,34.32,Home & Kitchen,8.0
CUST02385,Ankit Chauhan,47,Female,47418.55,8031.14,3,2026-08-03,2506.77,19.27,Books,6.0
CUST02386,Ananya Yadav,32,Female,20570.89,21645.16,7,2026-08-08,2549.05,66.56,Home & Kitchen,9.0
CUST02387,Arjun Sinha,44,Male,18000.0,8206.68,5,2026-06-13,1743.47,47.42,Home & Kitchen,9.0
CUST02388,Yash Mehta,22,Male,18000.0,10656.31,8,2026-07-07,1552.25,64.53,Sports,7.0
CUST02389,Vikas Chauhan,30,Male,25426.0,12396.26,8,2026-07-24,1696.86,44.13,Electronics,9.0
CUST02390,Sameer Agarwal,30,Male,60008.22,27928.14,8,2026-07-05,3427.27,38.9,Sports,6.0
CUST02391,Manish Mehta,46,Female,84724.2,28030.08,8,2026-07-20,3583.07,2.81,Beauty,9.0
CUST02392,Yash Shukla,28,Female,54028.36,9099.37,4,2026-06-13,2338.21,25.99,Electronics,8.0
CUST02393,Ananya Sinha,40,Female,44559.31,14030.02,8,2026-08-01,2463.48,57.72,Fashion,8.0
CUST02394,Pooja Sinha,27,Female,107681.34,8847.34,5,2026-07-14,2394.11,24.65,Electronics,8.0
CUST02395,Sakshi Sharma,18,Female,27068.3,6950.41,6,2026-07-24,1569.32,17.46,Beauty,6.0
CUST02396,Aditya Verma,37,Female,23928.86,16528.2,6,2026-07-28,2226.13,20.44,Home & Kitchen,7.0
CUST02397,Akash Sinha,41,Male,30345.84,14205.12,8,2026-06-08,2009.92,76.78,Sports,6.0
CUST02398,Varun Verma,25,Female,25906.31,30949.29,7,2026-01-24,3900.89,0.0,Electronics,6.0
CUST02399,Nikhil Kumar,33,Male,48376.86,11629.23,6,2026-06-14,1698.54,37.61,Sports,9.0
CUST02400,Vikas Kumar,30,Female,53845.35,9825.11,6,2026-04-07,2196.59,5.16,Home & Kitchen,8.0
CUST02401,Yash Sharma,37,Female,74341.9,14589.3,8,2026-07-23,1581.12,0.0,Beauty,7.0
CUST02402,Aarav Kumar,47,Male,49485.49,11963.08,6,2026-08-08,2730.19,43.06,Sports,6.0
CUST02403,Ayush Yadav,18,Male,30789.45,32054.96,13,2026-06-21,2432.02,41.77,Electronics,5.0
CUST02404,Nikhil Mehta,36,Female,81264.95,5485.65,4,2026-07-20,2055.29,28.92,Beauty,7.0
CUST02405,Isha Jaiswal,39,Male,57502.54,29168.45,12,2026-06-30,1872.32,9.2,Beauty,7.0
CUST02406,Tanvi Shukla,33,Male,42741.47,28308.41,10,2026-06-20,2312.42,2.51,Home & Kitchen,7.0
CUST02407,Riya Gupta,29,Female,97202.13,21280.34,10,2026-04-07,1700.36,59.48,Beauty,6.0
CUST02408,Ankit Kumar,31,Male,29905.26,12260.18,6,2026-08-08,1865.51,2.41,Books,7.0
CUST02409,Shreya Shukla,31,Male,40463.08,5674.76,4,2026-08-08,1843.55,42.25,Fashion,7.0
CUST02410,Isha Gupta,32,Female,20343.49,8204.81,5,2026-06-06,1663.71,44.22,Sports,8.0
CUST02411,Diya Jaiswal,18,Female,30417.58,14138.83,9,2026-07-27,1731.8,27.88,Beauty,9.0
CUST02412,Tanvi Chauhan,31,Male,21454.5,12592.14,6,2026-07-01,2153.0,22.05,Fashion,8.0
CUST02413,Akash Jaiswal,51,Male,22022.2,5797.53,3,2026-06-03,2277.84,37.77,Electronics,6.0
CUST02414,Rohan Mehta,31,Female,43000.31,18090.07,11,2026-07-02,2440.5,61.11,Electronics,9.0
CUST02415,Meera Mehta,42,Female,42680.61,13258.59,4,2026-07-10,2503.59,17.01,Home & Kitchen,6.0
CUST02416,Kavya Rai,37,Male,64718.49,33248.04,11,2026-02-08,2260.31,35.41,Sports,8.0
CUST02417,Sameer Rai,30,Male,28796.31,6521.78,4,2026-07-20,1823.39,50.9,Beauty,8.0
CUST02418,Ananya Srivastava,30,Male,45566.46,21044.33,12,2026-07-19,2271.19,42.84,Books,6.0
CUST02419,Varun Kumar,34,Female,41167.73,15594.14,9,2026-07-31,1783.26,50.63,Home & Kitchen,9.0
CUST02420,Aditya Malhotra,33,Female,80695.71,46582.96,13,2026-07-16,2763.97,52.57,Beauty,5.0
CUST02421,Ankit Rai,60,Female,48762.44,29411.36,10,2026-04-12,2738.26,25.65,Books,7.0
CUST02422,Karan Srivastava,30,Female,36132.52,8705.8,6,2026-07-15,1959.19,56.37,Sports,5.0
CUST02423,Aarav Mishra,37,Female,30717.16,4169.65,6,2026-04-09,996.62,60.83,Fashion,7.0
CUST02424,Neha Malhotra,36,Male,44032.02,11576.57,6,2026-07-28,1729.37,47.51,Home & Kitchen,7.0
CUST02425,Suraj Tiwari,30,Male,59154.62,17485.06,7,2026-05-31,1868.36,76.94,Electronics,7.0
CUST02426,Krishna Chauhan,31,Male,59500.17,18199.19,6,2026-06-16,2615.47,67.27,Electronics,7.0
CUST02427,Akash Verma,37,Male,21991.49,13514.0,7,2026-08-04,1790.33,52.71,Books,6.0
CUST02428,Kavya Sharma,26,Male,59430.13,20591.01,9,2026-08-01,2385.53,14.0,Fashion,8.0
CUST02429,Meera Jaiswal,30,Female,50281.92,16928.69,8,2026-05-17,2917.28,81.48,Fashion,6.0
CUST02430,Neha Mehta,31,Male,54163.5,14447.6,8,2026-07-27,2294.72,12.89,Books,7.0
CUST02431,Shreya Mishra,36,Female,68127.9,5970.93,3,2026-05-24,2463.72,21.42,Beauty,8.0
CUST02432,Aarav Gupta,27,Male,32403.56,10106.09,6,2026-07-13,2371.61,25.85,Fashion,6.0
CUST02433,Vikas Sharma,29,Male,51601.71,25634.4,7,2026-07-22,3009.07,74.11,Home & Kitchen,5.0
CUST02434,Varun Singh,28,Female,94215.47,29604.32,9,2026-03-20,3139.29,32.36,Home & Kitchen,5.0
CUST02435,Yash Rai,40,Male,38723.52,15099.37,7,2026-04-25,1912.87,34.77,Beauty,7.0
CUST02436,Rahul Malhotra,41,Male,26015.36,28242.68,9,2026-06-19,2545.73,19.9,Sports,5.0
CUST02437,Vikas Shukla,39,Female,29744.15,14967.8,10,2026-04-13,1663.94,46.03,Fashion,7.0
CUST02438,Rohan Jaiswal,28,Male,24876.34,8840.98,5,2026-04-09,1847.23,53.22,Electronics,7.0
CUST02439,Nikhil Sinha,35,Male,31078.83,10444.87,6,2026-06-11,2355.52,,Electronics,6.0
CUST02440,Aditi Shukla,50,Male,57637.94,20464.01,9,2026-06-22,2275.83,21.33,Home & Kitchen,8.0
CUST02441,Isha Pandey,18,Male,77619.78,11213.52,5,2026-07-28,2779.7,19.93,Beauty,4.0
CUST02442,Varun Mishra,25,Female,43443.96,19332.22,9,2026-02-01,3079.31,42.34,Home & Kitchen,6.0
CUST02443,Ayush Rai,50,Male,58222.7,14973.73,9,2026-07-06,1624.6,35.85,Sports,6.0
CUST02444,Aditi Shukla,38,Female,36493.54,17964.53,7,2026-03-08,2761.15,55.12,Books,6.0
CUST02445,Yash Pandey,32,Male,34950.91,7077.15,3,2026-02-01,2229.85,33.95,Books,7.0
CUST02446,Manish Pandey,21,Male,20438.42,18265.24,8,2026-07-28,3394.56,24.9,Fashion,6.0
CUST02447,Aditi Kumar,29,Female,21152.97,16136.34,10,2026-07-08,1268.96,40.29,Fashion,6.0
CUST02448,Sakshi Verma,24,Female,36949.42,41344.42,11,2026-08-07,2898.08,12.48,Fashion,8.0
CUST02449,Rahul Verma,41,Female,54367.72,8925.07,6,2026-07-14,2121.87,40.23,Home & Kitchen,5.0
CUST02450,Riya Singh,21,Male,62026.56,59097.2,16,2026-05-01,2808.94,47.44,Sports,8.0
CUST02451,Diya Verma,18,Female,24555.16,9696.66,5,2026-08-08,1477.45,64.66,Electronics,7.0
CUST02452,Ayush Srivastava,42,Male,87912.33,30947.0,10,2026-06-02,3102.09,15.45,Beauty,8.0
CUST02453,Varun Tiwari,28,Female,48542.11,18973.31,9,2026-03-01,2444.53,43.51,Electronics,7.0
CUST02454,Suraj Yadav,34,Male,52797.34,20825.62,10,2026-04-14,3115.52,48.89,Sports,5.0
CUST02455,Shreya Sharma,38,Female,37576.67,42418.31,11,2026-05-16,3420.57,31.97,Sports,7.0
CUST02456,Sneha Jaiswal,20,Female,30360.17,4245.99,4,2026-05-10,1546.25,36.6,Books,7.0
CUST02457,Manish Shukla,36,Male,35016.97,19159.03,9,2026-04-01,2238.93,64.46,Fashion,8.0
CUST02458,Vikas Srivastava,54,Male,78978.89,20333.24,9,2026-05-06,2361.83,52.37,Home & Kitchen,8.0
CUST02459,Yash Verma,25,Male,42131.09,9912.29,5,2026-07-28,2227.01,36.57,Fashion,7.0
CUST02460,Aarav Tiwari,42,Male,19133.39,9822.35,9,2026-07-03,1527.69,15.58,Beauty,9.0
CUST02461,Aarav Tiwari,43,Male,56818.68,19538.39,8,2026-06-19,1817.65,38.11,Electronics,8.0
CUST02462,Meera Mishra,46,Male,38798.67,9607.46,5,2026-05-03,2786.15,0.0,Home & Kitchen,8.0
CUST02463,Riya Tiwari,53,Male,66975.01,17650.62,9,2026-06-19,2254.52,26.3,Home & Kitchen,9.0
CUST02464,Neha Gupta,40,Male,59735.5,33183.99,14,2026-05-22,2206.38,43.2,Books,8.0
CUST02465,Pooja Yadav,41,Male,18000.0,12450.77,9,2026-04-13,1966.58,37.67,Beauty,6.0
CUST02466,Varun Tiwari,41,Female,31738.4,33785.97,10,2026-07-24,2642.94,22.82,Beauty,6.0
CUST02467,Sneha Shukla,33,Female,91380.79,14970.69,5,2026-06-27,2287.35,17.79,Home & Kitchen,7.0
CUST02468,Diya Agarwal,25,Male,19217.06,13805.84,10,2026-06-10,1355.12,31.63,Books,6.0
CUST02469,Vikas Chauhan,33,Male,47156.27,21022.14,10,2026-07-22,3056.44,3.54,Books,9.0
CUST02470,Arjun Kumar,35,Female,40619.9,14265.15,7,2026-08-03,2409.27,75.25,Sports,7.0
CUST02471,Pooja Yadav,45,Male,93586.93,14405.99,4,2026-05-17,4171.02,22.8,Electronics,6.0
CUST02472,Suraj Kumar,40,Female,122784.34,20382.96,6,2026-06-05,2935.07,15.75,Electronics,9.0
CUST02473,Rohan Mehta,30,Male,33144.92,41660.86,14,2026-05-07,2612.99,46.66,Electronics,7.0
CUST02474,Aditi Pandey,39,Male,29011.63,22515.47,6,2026-08-03,3755.45,43.36,Home & Kitchen,6.0
CUST02475,Aditya Verma,32,Female,33878.32,23905.26,14,2026-07-19,1984.82,64.37,Home & Kitchen,4.0
CUST02476,Varun Jaiswal,19,Female,45921.48,20536.38,9,2026-07-30,2289.26,11.17,Beauty,6.0
CUST02477,Arjun Jaiswal,20,Female,36966.72,6216.29,4,2026-07-13,2281.74,7.78,Fashion,8.0
CUST02478,Sakshi Sinha,27,Female,29596.56,19357.85,9,2026-04-10,2103.04,38.56,Electronics,6.0
CUST02479,Yash Agarwal,35,Female,31707.94,23364.1,8,2026-08-08,2236.13,19.2,Home & Kitchen,8.0
CUST02480,Karan Chauhan,26,Male,46530.0,19330.22,8,2026-05-17,2047.56,18.1,Beauty,8.0
CUST02481,Pooja Jaiswal,26,Male,29259.02,5868.65,6,2026-07-08,804.91,30.25,Books,5.0
CUST02482,Pooja Mehta,20,Female,50599.25,4512.46,3,2026-07-29,1202.4,33.34,Beauty,6.0
CUST02483,Krishna Mehta,18,Female,30453.3,5702.72,4,2026-08-07,1866.6,7.02,Books,8.0
CUST02484,Aarav Pandey,29,Male,48971.62,7255.17,4,2026-07-27,2443.44,54.24,Books,6.0
CUST02485,Ayush Shukla,39,Female,26582.08,11951.3,8,2026-07-09,2104.47,35.54,Home & Kitchen,5.0
CUST02486,Aditi Pandey,32,Female,71206.3,16895.37,7,2026-07-20,2299.22,49.83,Home & Kitchen,6.0
CUST02487,Suraj Sharma,20,Female,46142.84,24280.84,12,2026-07-22,1820.49,24.99,Electronics,8.0
CUST02488,Karan Pandey,18,Female,36496.03,12448.27,5,2026-07-14,2375.83,29.85,Fashion,7.0
CUST02489,Meera Sharma,33,Female,67877.65,14235.21,10,2026-08-02,1461.66,42.35,Beauty,6.0
CUST02490,Neha Shukla,24,Male,18000.0,24306.03,9,2026-06-26,2036.52,11.24,Fashion,5.0
CUST02491,Aditya Pandey,32,Female,34817.52,5397.99,5,2025-12-12,1562.35,13.23,Sports,7.0
CUST02492,Meera Mishra,18,Female,44629.52,29121.87,15,2026-07-16,1473.81,10.67,Home & Kitchen,9.0
CUST02493,Neha Kumar,33,Female,30637.73,15353.53,10,2026-08-02,1846.09,33.51,Fashion,10.0
CUST02494,Riya Verma,36,Male,53870.34,11745.49,8,2026-07-09,1950.22,31.98,Fashion,7.0
CUST02495,Ankit Rai,33,Male,47827.89,14936.31,6,2026-08-05,2246.29,10.08,Beauty,7.0
CUST02496,Sameer Tiwari,45,Female,43754.83,14799.56,7,2026-05-24,3112.04,13.78,Electronics,6.0
CUST02497,Aarav Srivastava,18,Female,18000.0,18544.99,6,2026-07-01,2319.23,22.24,Sports,8.0
CUST02498,Kavya Gupta,43,Male,38538.47,15246.25,8,2026-07-29,1780.43,5.36,Electronics,6.0
CUST02499,Aditya Tiwari,42,Female,43420.8,16903.38,8,2026-08-07,2897.48,47.61,Fashion,6.0
CUST02500,Tanvi Chauhan,27,Female,24304.65,23309.41,13,2026-08-08,1708.86,41.01,Electronics,5.0
